,Metabolite,HMDBID,AssignmentCertainty,Class,Superclass,super_class,main_class,sub_class,formula,exactmass,inchi_key,smiles,pubchem_cid
1,1.7.dimethyluricacid,HMDB0011103,1,Xanthines,,Nucleic acids,NA,NA,NA,NA,NA,NA,NA
2,1.methyladenosine,HMDB0003331,1,Purine_nucleosides,,Nucleic acids,NA,NA,NA,NA,NA,NA,NA
3,1.methylguanine,HMDB0003282,1,Purine_nucleosides,,Nucleic acids,NA,NA,NA,NA,NA,NA,NA
4,1.methylguanosine,HMDB0001563,1,Purine_nucleosides,,Nucleic acids,NA,NA,NA,NA,NA,NA,NA
5,1.methylhistamine,HMDB0000898,1,Amines,Organic nitrogen compounds,Organic nitrogen compounds,NA,NA,NA,NA,NA,NA,NA
6,1.methylhistidine,HMDB0000001,1,Aminoacids,Amino acids,Amino acids,NA,NA,NA,NA,NA,NA,NA
7,1.methylnicotinamide,HMDB0000699,1,Nicotinamides,,Organoheterocyclic compounds,NA,NA,NA,NA,NA,NA,NA
8,1.methylurate,HMDB0003099,1,Xanthines,,Nucleic acids,NA,NA,NA,NA,NA,NA,NA
9,10heptadecenoate,HMDB0060038,1,Long_chain_fatty_acids,,Fatty Acyls,NA,NA,NA,NA,NA,NA,NA
10,10nonadecenoate,HMDB0013622,1,Long_chain_fatty_acids,,Fatty Acyls,NA,NA,NA,NA,NA,NA,NA
11,12.13.diHOME,HMDB0004705,1,Long_chain_fatty_acids,,Fatty Acyls,NA,NA,NA,NA,NA,NA,NA
12,13.docosenoate,HMDB0002068,1,Very_long_chain_fatty_acids,,Fatty Acyls,NA,NA,NA,NA,NA,NA,NA
13,13.HODE,HMDB0004667,1,Lineolic_acids_and_derivatives,,Fatty Acyls,NA,NA,NA,NA,NA,NA,NA
14,15R.15.methylPGA2,InternalStandard,1,NA,,Fatty Acyls,NA,NA,NA,NA,NA,NA,NA
15,15R.15.methylPGF2,InternalStandard,1,NA,,NA,NA,NA,NA,NA,NA,NA,NA
16,15S.15.methylPGD2,InternalStandard,1,NA,,NA,NA,NA,NA,NA,NA,NA,NA
17,15S.15.methylPGE1,InternalStandard,1,NA,,NA,NA,NA,NA,NA,NA,NA,NA
18,15S.15.methylPGE2,InternalStandard,1,NA,,NA,NA,NA,NA,NA,NA,NA,NA
19,16.hydroxypalmitate,HMDB0006294,1,Long_chain_fatty_acids,,Fatty Acyls,NA,NA,NA,NA,NA,NA,NA
20,17.Methylstearate,HMDB0061710,1,Long_chain_fatty_acids,,Fatty Acyls,NA,NA,NA,NA,NA,NA,NA
21,2.aminoadipate,HMDB0000510,1,Aminoacids,Amino acids,Amino acids,NA,NA,NA,NA,NA,NA,NA
22,2.aminobutyrate,HMDB0000650,1,Aminoacids,Amino acids,Amino acids,NA,NA,NA,NA,NA,NA,NA
23,acesulfame,HMDB0033585,1,Organic,,Organic acids,Organic sulfuric acids,Organic sulfuric acids,C4H5NO4S,162.993928,YGCFIWIQZPHFLU-UHFFFAOYSA-N,CC1=CC(=O)NS(=O)(=O)O1,36573
24,acetaminophen,HMDB0001859,1,Benzenoids,Benzenoids,Benzenoids,Phenols,Aminophenols,C8H9NO2,151.063329,RZVAJINKPMORJF-UHFFFAOYSA-N,CC(=O)Nc1ccc(O)cc1,1983
25,acetaminophenglucuronide,HMDB0010316,1,Phenolic_glycoside,,Carbohydrates,NA,NA,NA,NA,NA,NA,NA
26,acetaminophenglucuronide,HMDB0010316,1,Phenolic_glycoside,,Carbohydrates,NA,NA,NA,NA,NA,NA,NA
27,acetylcholine,HMDB0000895,1,Acyl_choline,,Organic nitrogen compounds,Cholines,Cholines,C7H16NO2,146.118104,OIPILFWXSMYKGL-UHFFFAOYSA-N,CC(=O)OCC[N+](C)(C)C,187
28,acisoga,HMDB0061384,1,N_alkylpyrrolidine,,Organoheterocyclic compounds,N-alkylpyrrolidines,N-alkylpyrrolidines,C9H16N2O2,184.121178,OAUYENAPBFTAQT-UHFFFAOYSA-N,CC(=O)NCCCN1CCCC1=O,129397
29,aconitate,HMDB0000072,2,Tricarboxylic_acids_and_derivatives,,Organic acids,NA,NA,NA,NA,NA,NA,NA
30,adenosine,HMDB0000050,1,Purine_nucleosides,,Nucleic acids,Purines,Purine ribonucleosides,C10H13N5O4,267.096755,OIRDTQYFTABQOQ-KQYNXXCUSA-N,"Nc1[n]c[n]c2c1[n]c[n]2[C@@H]1O[C@H](CO)[C@@H](O)[C@H]1O |&1:10,12,15,17|",60961
31,adenylosuccinate,HMDB0000536,1,Biphenyland_derivative,Organic nitrogen compounds,Organic nitrogen compounds,NA,NA,NA,NA,NA,NA,NA
32,adipate.methylglutarate,HMDB0000448,2,Medium_chain_fatty_acids,Organic nitrogen compounds,Organic nitrogen compounds,NA,NA,NA,NA,NA,NA,NA
33,ADMA,HMDB0001539,1,Aminoacids,,Amino acids,NA,NA,NA,NA,NA,NA,NA
34,adonitol.arabitol,HMDB0000508,2,Sugar_alcohols,,Carbohydrates,NA,NA,NA,NA,NA,NA,NA
35,ADP,HMDB0001341,1,Purine_ribonucleotide,,Nucleic acids,NA,NA,NA,NA,NA,NA,NA
36,adrenate,HMDB0002226,1,Very_long_chain_fatty_acids,,Fatty Acyls,NA,NA,NA,NA,NA,NA,NA
37,AICAR,HMDB0001517,1,1_ribosyl_imidazolecarboxamide,,Nucleic acids,NA,NA,NA,NA,NA,NA,NA
38,alanine,HMDB0000161,1,Aminoacids,Amino acids,Amino acids,Amino acids and peptides,Amino acids,C3H7NO2,89.047679,QNAYBMKLOCPYGJ-REOHCLBHSA-N,C[C@@H](N)C(O)=O |&1:1|,5950
39,allantoin,HMDB0000462,1,Imidazoles,,Organoheterocyclic compounds,Ureas,Ureides,C4H6N4O3,158.043991,POJWUDADGALRAB-SFOWXEAESA-N,NC(=O)N[C@@H]1NC(=O)NC1=O |&1:4|,439714
40,alpha.glycerophosphate,HMDB0000126,1,Glycerophosphate,,Organic acids,NA,NA,NA,NA,NA,NA,NA
41,alpha.glycerophosphocholine,HMDB0000086,1,Glycerophosphocholine,,Organic acids,NA,NA,NA,NA,NA,NA,NA
42,alpha.hydroxybutyrate.beta.hydroxybutyrate.hydroxyisobutyrate,HMDB0000008,2,Glycerophosphocholine,,Organic acids,NA,NA,NA,NA,NA,NA,NA
43,alpha.keto.beta.methylvalerate.alpha.ketoisocaproate,HMDB0000491,2,Short_chain_keto_acids_and_derivatives,,Organic acids,NA,NA,NA,NA,NA,NA,NA
44,alpha.ketoglutarate,HMDB0000208,1,Gamma_keto_acids_and_derivative,,Organic acids,NA,NA,NA,NA,NA,NA,NA
45,alpha.ketoisovalerate,HMDB0000019,1,Short_chain_keto_acids_and_derivatives,,Organic acids,NA,NA,NA,NA,NA,NA,NA
46,alpha.linolenate,HMDB0001388,1,Lineolic_acids_and_derivatives,,Fatty Acyls,NA,NA,NA,NA,NA,NA,NA
47,AMP,HMDB0000045,1,Purine_ribonucleotide,,Nucleic acids,NA,NA,NA,NA,NA,NA,NA
48,anhydroDglucose,HMDB0000640,1,Oxepane,,Carbohydrates,NA,NA,NA,NA,NA,NA,NA
49,anserine,HMDB0000194,1,Hybrid_peptide,,Organic acids,Amino acids and peptides,Hybrid peptides,C10H16N4O3,240.122241,MYYIAHXIVFADCU-QMMMGPOBSA-N,C[n]1c[n]cc1C[C@@H](NC(=O)CCN)C(O)=O |&1:7|,112072
50,arachidate,HMDB0002212,1,Long_chain_fatty_acids,,Fatty Acyls,NA,NA,NA,NA,NA,NA,NA
51,arachidonate,HMDB0001043,1,Long_chain_fatty_acids,,Fatty Acyls,NA,NA,NA,NA,NA,NA,NA
52,arginine,HMDB0000517,1,Aminoacids,Amino acids,Amino acids,Amino acids and peptides,Amino acids,C6H14N4O2,174.111676,ODKSFYDXXFIFQN-BYPYZUCNSA-N,NC(=N)NCCC[C@@H](N)C(O)=O |&1:7|,6322
53,asparagine,HMDB0000168,1,Aminoacids,Amino acids,Amino acids,Amino acids and peptides,Amino acids,C4H8N2O3,132.053493,DCXYFEDJOCDNAF-REOHCLBHSA-N,NC(=O)C[C@@H](N)C(O)=O |&1:4|,6267
54,aspartate,HMDB0000191,1,Aminoacids,Amino acids,Amino acids,NA,NA,NA,NA,NA,NA,NA
55,ATP,HMDB0000538,1,Xanthines,,Nucleic acids,NA,NA,NA,NA,NA,NA,NA
56,azelate,HMDB0000784,1,Medium_chain_fatty_acids,,Fatty Acyls,NA,NA,NA,NA,NA,NA,NA
57,benzoate,HMDB0001870,1,Benzenoids,,Benzenoids,NA,NA,NA,NA,NA,NA,NA
58,betaine,HMDB0000043,1,Aminoacids,,Amino acids,Amino acids and peptides,Amino acids,C5H11NO2,117.078979,KWIUHFFTVRNATP-UHFFFAOYSA-N,C[N+](C)(C)CC([O-])=O,247
59,bilirubin,HMDB0000054,1,Bilirubins,Organoheterocyclic compounds,Organoheterocyclic compounds,Tetrapyrroles,Tetrapyrroles,C33H36N4O6,584.263486,BPYKTIZUTYGOLE-IFADSCNNSA-N,CC1=C(C=C)C(=O)N/C/1=C\c1[nH]c(Cc2[nH]c(/C=C3\NC(=O)C(C)=C\3C=C)c(C)c2CCC(O)=O)c(CCC(O)=O)c1C,5280352
60,biliverdin,HMDB0001008,1,Bilirubins,Organoheterocyclic compounds,Organoheterocyclic compounds,Bilirubins,Bilirubins,C33H34N4O6,582.247836,QBUVFDKTZJNUPP-BBROENKCSA-N,CC1=C(C=C)C(=O)NC1=CC1=N/C(=C\c2[nH]c(/C=C3\NC(=O)C(C)=C\3C=C)c(C)c2CCC(O)=O)/C(CCC(O)=O)=C1C |t:9|,5280353
61,butyrobetaine,HMDB0001161,1,Straight_chain_fatty_acids,,Fatty Acyls,NA,NA,NA,NA,NA,NA,NA
62,C10carnitine,HMDB0000651,1,Acyl_carnitine,,Fatty Acyls,NA,NA,NA,NA,NA,NA,NA
63,C12.1carnitine,HMDB0013326,2,Fatty_acid_esters,,Fatty Acyls,NA,NA,NA,NA,NA,NA,NA
64,C12carnitine,HMDB0002250,1,Acyl_carnitine,,Fatty Acyls,NA,NA,NA,NA,NA,NA,NA
65,C14.0CE,HMDB0006725,1,Cholesteryl_ester,,Sterol Lipids,NA,NA,NA,NA,NA,NA,NA
66,C14.0LPC,HMDB0010379,1,Glycerophosphocholine,,Glycerophospholipids,NA,NA,NA,NA,NA,NA,NA
67,C14.0LPC,HMDB0010379,1,Glycerophosphocholine,,Glycerophospholipids,NA,NA,NA,NA,NA,NA,NA
68,C14.0SM,HMDB0012097,1,Phosphosphingolipids,,Sphingolipids,NA,NA,NA,NA,NA,NA,NA
69,C14.0SM,HMDB0012097,1,Phosphosphingolipids,,Sphingolipids,NA,NA,NA,NA,NA,NA,NA
70,C14.1carnitine,HMDB0002014,2,Acyl_carnitine,Fatty Acyls,Fatty Acyls,NA,NA,NA,NA,NA,NA,NA
71,C14.2carnitine,HMDB0013331,2,Acyl_carnitine,Fatty Acyls,Fatty Acyls,NA,NA,NA,NA,NA,NA,NA
72,C14carnitine,HMDB0005066,1,Acyl_choline,Organic nitrogen compounds,Organic nitrogen compounds,NA,NA,NA,NA,NA,NA,NA
73,C16.0CE,HMDB0000885,1,Cholesteryl_ester,,Sterol Lipids,NA,NA,NA,NA,NA,NA,NA
74,C16.0ceramide.d18.1,HMDB0004949,1,Ceramide,,Sphingolipids,NA,NA,NA,NA,NA,NA,NA
75,C16.0Ceramide.d18.1,HMDB0004949,1,Ceramide,,Sphingolipids,NA,NA,NA,NA,NA,NA,NA
76,C16.0LPC,HMDB0010382,1,Glycerophosphocholine,,Glycerophospholipids,NA,NA,NA,NA,NA,NA,NA
77,C16.0LPC,HMDB0010382,1,Glycerophosphocholine,,Glycerophospholipids,NA,NA,NA,NA,NA,NA,NA
78,C16.0LPE,HMDB0011503,1,Glycerophosphoethanolamine,,Glycerophospholipids,NA,NA,NA,NA,NA,NA,NA
79,C16.0LPE,HMDB0011503,1,Glycerophosphoethanolamine,,Glycerophospholipids,NA,NA,NA,NA,NA,NA,NA
80,C16.0SM,HMDB0010169,1,Phosphosphingolipids,,Sphingolipids,NA,NA,NA,NA,NA,NA,NA
81,C16.0SM,HMDB0010169,1,Phosphosphingolipids,,Sphingolipids,NA,NA,NA,NA,NA,NA,NA
82,C16.1CE,HMDB0000658,2,Cholesteryl_ester,,Sterol Lipids,NA,NA,NA,NA,NA,NA,NA
83,C16.1LPC,HMDB0010383,2,Glycerophosphocholine,,Glycerophospholipids,NA,NA,NA,NA,NA,NA,NA
84,C16.1LPC,HMDB0010383,2,Glycerophosphocholine,,Glycerophospholipids,NA,NA,NA,NA,NA,NA,NA
85,C16.1LPCplasmalogen,HMDB0010407,2,Glycerophosphocholine,,Glycerophospholipids,NA,NA,NA,NA,NA,NA,NA
86,C16.1LPE,HMDB0011504,2,Glycerophosphoethanolamines,,Glycerophospholipids,NA,NA,NA,NA,NA,NA,NA
87,C16.1MAG,HMDB0011565,2,Monoradylglycerol,,Glycerolipids,NA,NA,NA,NA,NA,NA,NA
88,C16.1SM,HMDB0029216,2,Phosphocholines,,Sphingolipids,NA,NA,NA,NA,NA,NA,NA
89,C16.1SM,HMDB0029216,0,Phosphocholines,,Sphingolipids,NA,NA,NA,NA,NA,NA,NA
90,C16carnitine,HMDB0000222,1,Fatty_acid_esters,,Fatty Acyls,NA,NA,NA,NA,NA,NA,NA
91,C18.0CE,HMDB0010368,1,Acyl_carnitine,Fatty Acyls,Sterol Lipids,NA,NA,NA,NA,NA,NA,NA
92,C18.0LPC,HMDB0010384,1,Glycerophosphocholine,,Glycerophospholipids,NA,NA,NA,NA,NA,NA,NA
93,C18.0LPC,HMDB0010384,1,Glycerophosphocholine,,Glycerophospholipids,NA,NA,NA,NA,NA,NA,NA
94,C18.0LPE,HMDB0011130,1,Glycerophosphoethanolamine,,Glycerophospholipids,NA,NA,NA,NA,NA,NA,NA
95,C18.0LPEA,HMDB0011130,1,Glycerophosphoethanolamine,,Glycerophospholipids,NA,NA,NA,NA,NA,NA,NA
96,C18.0LPEB,HMDB0011130,1,Glycerophosphoethanolamine,,Glycerophospholipids,NA,NA,NA,NA,NA,NA,NA
97,C18.0MAG,HMDB0011131,1,Monoradylglycerol,,Glycerolipids,NA,NA,NA,NA,NA,NA,NA
98,C18.0SM,HMDB0001348,1,Phosphosphingolipids,,Sphingolipids,NA,NA,NA,NA,NA,NA,NA
99,C18.0SM,HMDB0001348,1,Phosphosphingolipids,,Sphingolipids,NA,NA,NA,NA,NA,NA,NA
100,C18.1carnitine,HMDB0005065,2,Fatty_acid_esters,,Fatty Acyls,NA,NA,NA,NA,NA,NA,NA
101,C18.1CE,HMDB0000918,2,Cholesteryl_ester,,Sterol Lipids,NA,NA,NA,NA,NA,NA,NA
102,C18.1LPC,HMDB0002815,2,Glycerophosphocholine,,Glycerophospholipids,NA,NA,NA,NA,NA,NA,NA
103,C18.1LPC,HMDB0002815,2,Glycerophosphocholine,,Glycerophospholipids,NA,NA,NA,NA,NA,NA,NA
104,C18.1LPCplasmalogenA,HMDB0013122,2,Glycerophosphocholine,,Glycerophospholipids,NA,NA,NA,NA,NA,NA,NA
105,C18.1LPCplasmalogenB,HMDB0013122,2,Glycerophosphocholine,,Glycerophospholipids,NA,NA,NA,NA,NA,NA,NA
106,C18.1LPE,HMDB0011506,2,Glycerophosphoethanolamine,,Glycerophospholipids,NA,NA,NA,NA,NA,NA,NA
107,C18.1LPE,HMDB0011506,2,Glycerophosphoethanolamines,,Glycerophospholipids,NA,NA,NA,NA,NA,NA,NA
108,C18.1SM,HMDB0012101,2,Phosphosphingolipids,,Sphingolipids,NA,NA,NA,NA,NA,NA,NA
109,C18.1SM,HMDB0012101,2,Phosphosphingolipids,,Sphingolipids,NA,NA,NA,NA,NA,NA,NA
110,C18.2carnitine,HMDB0006469,2,Acyl_choline,Organic nitrogen compounds,Organic nitrogen compounds,NA,NA,NA,NA,NA,NA,NA
111,C18.2CE,HMDB0000610,2,Cholesteryl_ester,,Sterol Lipids,NA,NA,NA,NA,NA,NA,NA
112,C18.2LPC,HMDB0010386,2,Glycerophosphocholine,,Glycerophospholipids,NA,NA,NA,NA,NA,NA,NA
113,C18.2LPC,HMDB0010386,2,Glycerophosphocholine,,Glycerophospholipids,NA,NA,NA,NA,NA,NA,NA
114,C18.2LPE,HMDB0011507,2,Glycerophosphoethanolamine,,Glycerophospholipids,NA,NA,NA,NA,NA,NA,NA
115,C18.2LPE,HMDB0011507,2,Glycerophosphoethanolamines,,Glycerophospholipids,NA,NA,NA,NA,NA,NA,NA
116,C18.3CE,HMDB0010370,2,Cholesteryl_ester,,Sterol Lipids,NA,NA,NA,NA,NA,NA,NA
117,C18.3LPC,HMDB0010387,2,Glycerophosphocholine,,Glycerophospholipids,NA,NA,NA,NA,NA,NA,NA
118,C18.3LPC,HMDB0010387,2,Glycerophosphocholine,,Glycerophospholipids,NA,NA,NA,NA,NA,NA,NA
119,C18.3LPE,HMDB0011478,2,Glycerophosphoethanolamine,,Glycerophospholipids,NA,NA,NA,NA,NA,NA,NA
120,C18carnitine,HMDB0000848,1,Acyl_choline,Organic nitrogen compounds,Fatty Acyls,NA,NA,NA,NA,NA,NA,NA
121,C20.0LPE,HMDB0011511,1,Glycerophosphoethanolamine,,Glycerophospholipids,NA,NA,NA,NA,NA,NA,NA
122,C20.0LPE,HMDB0011481,1,Glycerophosphoethanolamine,,Glycerophospholipids,NA,NA,NA,NA,NA,NA,NA
123,C20.0SM,HMDB0012102,1,Phosphosphingolipids,,Sphingolipids,NA,NA,NA,NA,NA,NA,NA
124,C20.0SM,HMDB0012102,1,Phosphosphingolipids,,Sphingolipids,NA,NA,NA,NA,NA,NA,NA
125,C20.1LPC,HMDB0010391,2,Glycerophosphocholine,,Glycerophospholipids,NA,NA,NA,NA,NA,NA,NA
126,C20.1LPE,HMDB0011512,2,Glycerophosphoethanolamine,,Glycerophospholipids,NA,NA,NA,NA,NA,NA,NA
127,C20.3CE,HMDB0006736,2,Cholesteryl_ester,,Sterol Lipids,NA,NA,NA,NA,NA,NA,NA
128,C20.3LPCA,HMDB0010393,2,Glycerophosphocholine,,Glycerophospholipids,NA,NA,NA,NA,NA,NA,NA
129,C20.3LPCB,HMDB0010393,2,Glycerophosphocholine,,Glycerophospholipids,NA,NA,NA,NA,NA,NA,NA
130,C20.4CE,HMDB0006726,1,Cholesteryl_ester,,Sterol Lipids,NA,NA,NA,NA,NA,NA,NA
131,C20.4LPC,HMDB0010395,1,Glycerophosphocholine,,Glycerophospholipids,NA,NA,NA,NA,NA,NA,NA
132,C20.4LPC,HMDB0010395,1,Glycerophosphocholine,,Glycerophospholipids,NA,NA,NA,NA,NA,NA,NA
133,C20.4LPE,HMDB0011517,1,Glycerophosphoethanolamine,,Glycerophospholipids,NA,NA,NA,NA,NA,NA,NA
134,C20.4LPE,HMDB0011517,1,Glycerophosphoethanolamines,,Glycerophospholipids,NA,NA,NA,NA,NA,NA,NA
135,C20.5CE,HMDB0006731,1,Cholesteryl_ester,,Sterol Lipids,NA,NA,NA,NA,NA,NA,NA
136,C20.5LPC,HMDB0010397,1,Glycerophosphocholine,,Glycerophospholipids,NA,NA,NA,NA,NA,NA,NA
137,C20.5LPC,HMDB0010397,1,Glycerophosphocholine,,Glycerophospholipids,NA,NA,NA,NA,NA,NA,NA
138,C22.0Ceramide.d18.1,HMDB0004952,1,Ceramide,,Sphingolipids,NA,NA,NA,NA,NA,NA,NA
139,C22.0LPE,HMDB0011520,1,Glycerophosphoethanolamine,,Glycerophospholipids,NA,NA,NA,NA,NA,NA,NA
140,C22.0SM,HMDB0012103,1,Phosphosphingolipids,,Sphingolipids,NA,NA,NA,NA,NA,NA,NA
141,C22.0SM,HMDB0012103,1,Phosphosphingolipids,,Sphingolipids,NA,NA,NA,NA,NA,NA,NA
142,C22.4CE,HMDB0006729,2,Cholesteryl_ester,,Sterol Lipids,NA,NA,NA,NA,NA,NA,NA
143,C22.5CE,HMDB0010375,2,Glycerophosphocholine,,Sterol Lipids,NA,NA,NA,NA,NA,NA,NA
144,C22.5LPC,HMDB0010403,2,Glycerophosphocholine,,Glycerophospholipids,NA,NA,NA,NA,NA,NA,NA
145,C22.6CE,HMDB0006733,1,Cholesteryl_ester,,Sterol Lipids,NA,NA,NA,NA,NA,NA,NA
146,C22.6LPC,HMDB0010404,1,Glycerophosphocholine,,Glycerophospholipids,NA,NA,NA,NA,NA,NA,NA
147,C22.6LPC,HMDB0010404,1,Glycerophosphocholine,,Glycerophospholipids,NA,NA,NA,NA,NA,NA,NA
148,C22.6LPE,HMDB0011526,1,Glycerophosphoethanolamine,,Glycerophospholipids,NA,NA,NA,NA,NA,NA,NA
149,C22.6LPE,HMDB0011526,1,Glycerophosphoethanolamines,,Glycerophospholipids,NA,NA,NA,NA,NA,NA,NA
150,C24.0Ceramide.d18.1,HMDB0004956,1,Ceramide,,Sphingolipids,NA,NA,NA,NA,NA,NA,NA
151,C24.0PC,NA,0,Glycerophospholipids,,Glycerophospholipids,NA,NA,NA,NA,NA,NA,NA
152,C24.0SM,HMDB0011697,1,Phosphosphingolipids,,Sphingolipids,NA,NA,NA,NA,NA,NA,NA
153,C24.1ceramide.d18.1,HMDB0004953,2,Ceramide,,Sphingolipids,NA,NA,NA,NA,NA,NA,NA
154,C24.1Ceramide.d18.1,HMDB0004953,2,Ceramide,,Sphingolipids,NA,NA,NA,NA,NA,NA,NA
155,C24.1SM,HMDB0012107,2,Phosphosphingolipids,,Sphingolipids,NA,NA,NA,NA,NA,NA,NA
156,C26carnitine,HMDB0006347,1,Acyl_carnitine,Fatty Acyls,Fatty Acyls,NA,NA,NA,NA,NA,NA,NA
157,C2carnitine,HMDB0000201,1,Acyl_carnitine,Fatty Acyls,Fatty Acyls,NA,NA,NA,NA,NA,NA,NA
158,C3.DC.CH3carnitine,HMDB0013133,1,Tricarboxylic_acids_and_derivatives,,Fatty Acyls,NA,NA,NA,NA,NA,NA,NA
159,C30.0PC,HMDB0007869,2,Phosphatidylcholine,,Glycerophospholipids,NA,NA,NA,NA,NA,NA,NA
160,C30.0PC,HMDB0007869,2,Phosphatidylcholine,,Glycerophospholipids,NA,NA,NA,NA,NA,NA,NA
161,C30.0PS,HMDB0012332,2,Phosphatidylserine,,Glycerophospholipids,NA,NA,NA,NA,NA,NA,NA
162,C30.1PC,HMDB0007870,2,Phosphatidylcholine,,Glycerophospholipids,NA,NA,NA,NA,NA,NA,NA
163,C32.0DAG,HMDB0007098,2,Diradylglycerol,,Glycerolipids,NA,NA,NA,NA,NA,NA,NA
164,C32.0PC,HMDB0007871,2,Phosphatidylcholine,,Glycerophospholipids,NA,NA,NA,NA,NA,NA,NA
165,C32.0PE,HMDB0008923,2,Phosphatidylethanolamine,,Glycerophospholipids,NA,NA,NA,NA,NA,NA,NA
166,C32.1DAG,HMDB0007099,2,Diradylglycerol,,Glycerolipids,NA,NA,NA,NA,NA,NA,NA
167,C32.1PC,HMDB0007873,2,Phosphatidylcholine,,Glycerophospholipids,NA,NA,NA,NA,NA,NA,NA
168,C32.2PC,HMDB0007874,2,Phosphatidylcholine,,Glycerophospholipids,NA,NA,NA,NA,NA,NA,NA
169,C32.2PC,HMDB0007874,2,Phosphatidylcholine,,Glycerophospholipids,NA,NA,NA,NA,NA,NA,NA
170,C34.0DAG,HMDB0007100,2,Diradylglycerol,,Glycerolipids,NA,NA,NA,NA,NA,NA,NA
171,C34.0PC,HMDB0007970,2,Phosphatidylcholine,,Glycerophospholipids,NA,NA,NA,NA,NA,NA,NA
172,C34.0PE,HMDB0008925,2,Phosphatidylethanolamine,,Glycerophospholipids,NA,NA,NA,NA,NA,NA,NA
173,C34.0PE,HMDB0008925,2,Phosphatidylethanolamine,,Glycerophospholipids,NA,NA,NA,NA,NA,NA,NA
174,C34.0PS,HMDB0012356,2,Phosphatidylserine,,Glycerophospholipids,NA,NA,NA,NA,NA,NA,NA
175,C34.1DAG,HMDB0007102,2,Diradylglycerol,,Glycerolipids,NA,NA,NA,NA,NA,NA,NA
176,C34.1DAGNa,HMDB0007102,2,Diradylglycerol,,Glycerolipids,NA,NA,NA,NA,NA,NA,NA
177,C34.1DAGNH4,HMDB0007102,2,Diradylglycerol,,Glycerolipids,NA,NA,NA,NA,NA,NA,NA
178,C34.1PC,HMDB0007972,2,Phosphatidylcholine,,Glycerophospholipids,NA,NA,NA,NA,NA,NA,NA
179,C34.1PCplasmalogen.A,HMDB0011208,2,Phosphatidylcholine,,Glycerophospholipids,NA,NA,NA,NA,NA,NA,NA
180,C34.1PCplasmalogen.B,HMDB0011239,2,Phosphatidylcholine,,Glycerophospholipids,NA,NA,NA,NA,NA,NA,NA
181,C34.1PI,HMDB0009783,2,Phosphatidylinositol,,Glycerophospholipids,NA,NA,NA,NA,NA,NA,NA
182,C34.2DAG,HMDB0007103,2,Diradylglycerol,,Glycerolipids,NA,NA,NA,NA,NA,NA,NA
183,C34.2PC,HMDB0007973,2,Phosphatidylcholine,,Glycerophospholipids,NA,NA,NA,NA,NA,NA,NA
184,C34.2PCplasmalogen,HMDB0011210,2,Phosphatidylcholine,,Glycerophospholipids,NA,NA,NA,NA,NA,NA,NA
185,C34.2PE,HMDB0008928,2,Phosphatidylethanolamine,,Glycerophospholipids,NA,NA,NA,NA,NA,NA,NA
186,C34.2PE,HMDB0008928,2,Phosphatidylethanolamine,,Glycerophospholipids,NA,NA,NA,NA,NA,NA,NA
187,C34.2PEplasmalogen,HMDB0008952,2,Phosphatidylethanolamine,,Glycerophospholipids,NA,NA,NA,NA,NA,NA,NA
188,C34.2PEplasmalogen,HMDB0008952,2,Phosphatidylethanolamine,,Glycerophospholipids,NA,NA,NA,NA,NA,NA,NA
189,C34.2PI,HMDB0009784,2,Phosphatidylinositol,,Glycerophospholipids,NA,NA,NA,NA,NA,NA,NA
190,C34.3DAG,HMDB0007132,2,Diradylglycerol,,Glycerolipids,NA,NA,NA,NA,NA,NA,NA
191,C34.3PC,HMDB0008006,2,Phosphatidylcholine,,Glycerophospholipids,NA,NA,NA,NA,NA,NA,NA
192,C34.3PC,HMDB0008006,2,Phosphatidylcholine,,Glycerophospholipids,NA,NA,NA,NA,NA,NA,NA
193,C34.3PCplasmalogen,HMDB0011211,2,Phosphatidylcholine,,Glycerophospholipids,NA,NA,NA,NA,NA,NA,NA
194,C34.3PCplasmalogen,HMDB0011211,2,Phosphatidylcholine,,Glycerophospholipids,NA,NA,NA,NA,NA,NA,NA
195,C34.3PEplasmalogen,HMDB0011343,2,Phosphatidylethanolamine,,Glycerophospholipids,NA,NA,NA,NA,NA,NA,NA
196,C34.3PEplasmalogen,HMDB0011343,2,Phosphatidylethanolamine,,Glycerophospholipids,NA,NA,NA,NA,NA,NA,NA
197,C34.4PC,HMDB0007883,2,Phosphatidylcholine,,Glycerophospholipids,NA,NA,NA,NA,NA,NA,NA
198,C34.5PCplasmalogen,HMDB0011214,2,Phosphatidylcholine,,Glycerophospholipids,NA,NA,NA,NA,NA,NA,NA
199,C36.0DAG,HMDB0007158,2,Diradylglycerol,,Glycerolipids,NA,NA,NA,NA,NA,NA,NA
200,C36.0PC,HMDB0008036,2,Phosphatidylcholine,,Glycerophospholipids,NA,NA,NA,NA,NA,NA,NA
201,C36.0PE,HMDB0008991,2,Phosphatidylethanolamine,,Glycerophospholipids,NA,NA,NA,NA,NA,NA,NA
202,C36.1DAG,HMDB0007216,2,Diradylglycerol,,Glycerolipids,NA,NA,NA,NA,NA,NA,NA
203,C36.1PC,HMDB0008038,2,Phosphatidylcholine,,Glycerophospholipids,NA,NA,NA,NA,NA,NA,NA
204,C36.1PCplasmalogen,HMDB0011241,2,Phosphatidylcholine,,Glycerophospholipids,NA,NA,NA,NA,NA,NA,NA
205,C36.1PE,HMDB0008993,2,Phosphatidylethanolamine,,Glycerophospholipids,NA,NA,NA,NA,NA,NA,NA
206,C36.1PEplasmalogen,HMDB0009016,2,Phosphatidylethanolamine,,Glycerophospholipids,NA,NA,NA,NA,NA,NA,NA
207,C36.1PS,HMDB0010163,2,Phosphatidylserine,,Glycerophospholipids,NA,NA,NA,NA,NA,NA,NA
208,C36.2DAG,HMDB0007218,2,Diradylglycerol,,Glycerolipids,NA,NA,NA,NA,NA,NA,NA
209,C36.2PC,HMDB0008039,2,Phosphatidylcholine,,Glycerophospholipids,NA,NA,NA,NA,NA,NA,NA
210,C36.2PC,HMDB0008039,2,Phosphatidylcholine,,Glycerophospholipids,NA,NA,NA,NA,NA,NA,NA
211,C36.2PCplasmalogen,HMDB0011243,2,Phosphatidylcholine,,Glycerophospholipids,NA,NA,NA,NA,NA,NA,NA
212,C36.2PE,HMDB0008994,2,Phosphatidylethanolamine,,Glycerophospholipids,NA,NA,NA,NA,NA,NA,NA
213,C36.2PE,HMDB0008994,2,Phosphatidylethanolamine,,Glycerophospholipids,NA,NA,NA,NA,NA,NA,NA
214,C36.2PEplasmalogen,HMDB0009082,2,Phosphatidylethanolamine,,Glycerophospholipids,NA,NA,NA,NA,NA,NA,NA
215,C36.2PI,HMDB0009809,2,Phosphatidylinositol,,Glycerophospholipids,NA,NA,NA,NA,NA,NA,NA
216,C36.2PSplasmalogen,NA,0,Phosphatidylserine,,Glycerophospholipids,NA,NA,NA,NA,NA,NA,NA
217,C36.3DAG,HMDB0007219,2,Diradylglycerol,,Glycerolipids,NA,NA,NA,NA,NA,NA,NA
218,C36.3PC,HMDB0008105,2,Phosphatidylcholine,,Glycerophospholipids,NA,NA,NA,NA,NA,NA,NA
219,C36.3PCplasmalogen,HMDB0011244,2,Phosphatidylcholine,,Glycerophospholipids,NA,NA,NA,NA,NA,NA,NA
220,C36.3PE,HMDB0009060,2,Phosphatidylethanolamine,,Glycerophospholipids,NA,NA,NA,NA,NA,NA,NA
221,C36.3PEplasmalogen,HMDB0011441,2,Phosphatidylethanolamine,,Glycerophospholipids,NA,NA,NA,NA,NA,NA,NA
222,C36.3PEplasmalogen,HMDB0011441,2,Phosphatidylethanolamine,,Glycerophospholipids,NA,NA,NA,NA,NA,NA,NA
223,C36.4DAG,HMDB0007248,2,Diradylglycerol,,Glycerolipids,NA,NA,NA,NA,NA,NA,NA
224,C36.4PC.A,HMDB0007983,2,Phosphatidylcholine,,Glycerophospholipids,NA,NA,NA,NA,NA,NA,NA
225,C36.4PC.B,HMDB0008138,2,Phosphatidylcholine,,Glycerophospholipids,NA,NA,NA,NA,NA,NA,NA
226,C36.4PCplasmalogen,HMDB0011310,2,Phosphatidylcholine,,Glycerophospholipids,NA,NA,NA,NA,NA,NA,NA
227,C36.4PE,HMDB0008937,2,Phosphatidylethanolamine,,Glycerophospholipids,NA,NA,NA,NA,NA,NA,NA
228,C36.4PE,HMDB0008937,2,Phosphatidylethanolamine,,Glycerophospholipids,NA,NA,NA,NA,NA,NA,NA
229,C36.4PEplasmalogen,HMDB0011442,2,Phosphatidylethanolamine,,Glycerophospholipids,NA,NA,NA,NA,NA,NA,NA
230,C36.4PI,HMDB0009789,2,Phosphatidylinositol,,Glycerophospholipids,NA,NA,NA,NA,NA,NA,NA
231,C36.5PCplasmalogen,HMDB0011220,2,Phosphatidylcholine,,Glycerophospholipids,NA,NA,NA,NA,NA,NA,NA
232,C36.5PCplasmalogen.A,HMDB0011221,2,Phosphatidylcholine,,Glycerophospholipids,NA,NA,NA,NA,NA,NA,NA
233,C36.5PCplasmalogen.B,HMDB0011220,2,Phosphatidylcholine,,Glycerophospholipids,NA,NA,NA,NA,NA,NA,NA
234,C36.5PEplasmalogen,HMDB0011410,2,Phosphatidylethanolamine,,Glycerophospholipids,NA,NA,NA,NA,NA,NA,NA
235,C36.5PEplasmalogen,HMDB0011410,2,Phosphatidylethanolamine,,Glycerophospholipids,NA,NA,NA,NA,NA,NA,NA
236,C38.2PC,HMDB0008270,2,Phosphatidylcholine,,Glycerophospholipids,NA,NA,NA,NA,NA,NA,NA
237,C38.2PE,HMDB0008942,2,Phosphatidylethanolamine,,Glycerophospholipids,NA,NA,NA,NA,NA,NA,NA
238,C38.3PC,HMDB0008047,2,Phosphatidylcholine,,Glycerophospholipids,NA,NA,NA,NA,NA,NA,NA
239,C38.3PEplasmalogen,HMDB0011384,2,Phosphatidylethanolamine,,Glycerophospholipids,NA,NA,NA,NA,NA,NA,NA
240,C38.4DAG,HMDB0007170,2,Diradylglycerol,,Glycerolipids,NA,NA,NA,NA,NA,NA,NA
241,C38.4PC,HMDB0008048,2,Phosphatidylcholine,,Glycerophospholipids,NA,NA,NA,NA,NA,NA,NA
242,C38.4PCplasmalogen,HMDB0011252,2,Glycerophosphocholine,,Glycerophospholipids,NA,NA,NA,NA,NA,NA,NA
243,C38.4PE,HMDB0009003,2,Phosphatidylethanolamine,,Glycerophospholipids,NA,NA,NA,NA,NA,NA,NA
244,C38.4PE,HMDB0009003,2,Phosphatidylethanolamine,,Glycerophospholipids,NA,NA,NA,NA,NA,NA,NA
245,C38.4PI,HMDB0009815,2,Phosphatidylinositol,,Glycerophospholipids,NA,NA,NA,NA,NA,NA,NA
246,C38.5DAG,HMDB0007199,2,Diradylglycerol,,Glycerolipids,NA,NA,NA,NA,NA,NA,NA
247,C38.5PE,HMDB0009069,2,Phosphatidylethanolamine,,Glycerophospholipids,NA,NA,NA,NA,NA,NA,NA
248,C38.5PEplasmalogen,HMDB0011386,2,Phosphatidylethanolamine,,Glycerophospholipids,NA,NA,NA,NA,NA,NA,NA
249,C38.5PEplasmalogen,HMDB0011386,2,Phosphatidylethanolamine,,Glycerophospholipids,NA,NA,NA,NA,NA,NA,NA
250,C38.6PC,HMDB0007991,2,Phosphatidylcholine,,Glycerophospholipids,NA,NA,NA,NA,NA,NA,NA
251,C38.6PCplasmalogen,HMDB0011319,2,Glycerophosphocholine,,Glycerophospholipids,NA,NA,NA,NA,NA,NA,NA
252,C38.6PCplasmalogen,HMDB0011319,2,Glycerophosphocholine,,Glycerophospholipids,NA,NA,NA,NA,NA,NA,NA
253,C38.6PE,HMDB0009102,2,Phosphatidylethanolamine,,Glycerophospholipids,NA,NA,NA,NA,NA,NA,NA
254,C38.6PE,HMDB0009102,2,Phosphatidylethanolamine,,Glycerophospholipids,NA,NA,NA,NA,NA,NA,NA
255,C38.6PEplasmalogen,HMDB0011387,2,Phosphatidylethanolamine,,Glycerophospholipids,NA,NA,NA,NA,NA,NA,NA
256,C38.6PEplasmalogen,HMDB0011387,2,Phosphatidylethanolamine,,Glycerophospholipids,NA,NA,NA,NA,NA,NA,NA
257,C38.6PS,HMDB0012362,2,Phosphatidylserine,,Glycerophospholipids,NA,NA,NA,NA,NA,NA,NA
258,C38.7PCplasmalogen,HMDB0011229,2,Glycerophosphocholine,,Glycerophospholipids,NA,NA,NA,NA,NA,NA,NA
259,C38.7PCplasmalogen,HMDB0011229,2,Glycerophosphocholine,,Glycerophospholipids,NA,NA,NA,NA,NA,NA,NA
260,C38.7PEplasmalogen,HMDB0011420,2,Phosphatidylethanolamine,,Glycerophospholipids,NA,NA,NA,NA,NA,NA,NA
261,C38.7PEplasmalogen,HMDB0011420,2,Phosphatidylethanolamine,,Glycerophospholipids,NA,NA,NA,NA,NA,NA,NA
262,C3carnitine,HMDB0000824,1,Fatty_acid_esters,,Fatty Acyls,NA,NA,NA,NA,NA,NA,NA
263,C4.OHcarnitine,HMDB0013127,1,Fatty_acid_esters,,Fatty Acyls,NA,NA,NA,NA,NA,NA,NA
264,C40.10PC,HMDB0008511,2,Phosphatidylcholine,,Glycerophospholipids,NA,NA,NA,NA,NA,NA,NA
265,C40.11PCplasmalogen,NA,0,Glycerophospholipids,,Glycerophospholipids,NA,NA,NA,NA,NA,NA,NA
266,C40.6PC,HMDB0008057,2,Phosphatidylcholine,,Glycerophospholipids,NA,NA,NA,NA,NA,NA,NA
267,C40.6PE,HMDB0009012,2,Phosphatidylethanolamine,,Glycerophospholipids,NA,NA,NA,NA,NA,NA,NA
268,C40.6PE,HMDB0009012,2,Phosphatidylethanolamine,,Glycerophospholipids,NA,NA,NA,NA,NA,NA,NA
269,C40.6PS,HMDB0010167,2,Phosphatidylserine,,Glycerophospholipids,NA,NA,NA,NA,NA,NA,NA
270,C40.7PCplasmalogen,HMDB0011294,2,Glycerophosphocholine,,Glycerophospholipids,NA,NA,NA,NA,NA,NA,NA
271,C40.7PEplasmalogen,HMDB0011394,2,Phosphatidylethanolamine,,Glycerophospholipids,NA,NA,NA,NA,NA,NA,NA
272,C40.7PEplasmalogen,HMDB0011394,2,Phosphatidylethanolamine,,Glycerophospholipids,NA,NA,NA,NA,NA,NA,NA
273,C40.9PC,HMDB0008731,2,Phosphatidylcholine,,Glycerophospholipids,NA,NA,NA,NA,NA,NA,NA
274,C41.0TAG,NA,0,Triacylglycerols,,Glycerolipids,NA,NA,NA,NA,NA,NA,NA
275,C42.0TAG,HMDB0072780,2,Triacylglycerols,,Glycerolipids,NA,NA,NA,NA,NA,NA,NA
276,C42.11PEplasmalogen,NA,0,Phosphatidylethanolamine,,Glycerophospholipids,NA,NA,NA,NA,NA,NA,NA
277,C43.0TAG,HMDB0042062,2,Triacylglycerols,,Glycerolipids,NA,NA,NA,NA,NA,NA,NA
278,C43.1TAG,HMDB0042098,2,Triacylglycerols,,Glycerolipids,NA,NA,NA,NA,NA,NA,NA
279,C43.2TAG,HMDB0043169,2,Triacylglycerols,,Glycerolipids,NA,NA,NA,NA,NA,NA,NA
280,C44.0TAG,HMDB0042063,2,Triacylglycerols,,Glycerolipids,NA,NA,NA,NA,NA,NA,NA
281,C44.1TAG,HMDB0042301,2,Triacylglycerols,,Glycerolipids,NA,NA,NA,NA,NA,NA,NA
282,C44.2TAG,HMDB0042279,2,Triacylglycerols,,Glycerolipids,NA,NA,NA,NA,NA,NA,NA
283,C45.0TAG,HMDB0042093,2,Triacylglycerols,,Glycerolipids,NA,NA,NA,NA,NA,NA,NA
284,C45.1TAG,HMDB0042099,2,Triacylglycerols,,Glycerolipids,NA,NA,NA,NA,NA,NA,NA
285,C45.2TAG,HMDB0043170,2,Triacylglycerols,,Glycerolipids,NA,NA,NA,NA,NA,NA,NA
286,C45.3TAG,NA,0,Triacylglycerols,,Glycerolipids,NA,NA,NA,NA,NA,NA,NA
287,C46.0TAG,HMDB0010411,2,Triacylglycerols,,Glycerolipids,NA,NA,NA,NA,NA,NA,NA
288,C46.1TAG,HMDB0010412,2,Triacylglycerols,,Glycerolipids,NA,NA,NA,NA,NA,NA,NA
289,C46.2TAG,HMDB0010419,2,Triacylglycerols,,Glycerolipids,NA,NA,NA,NA,NA,NA,NA
290,C46.3TAG,HMDB0042751,2,Triacylglycerols,,Glycerolipids,NA,NA,NA,NA,NA,NA,NA
291,C46.4TAG,HMDB0042548,2,Triacylglycerols,,Glycerolipids,NA,NA,NA,NA,NA,NA,NA
292,C47.0TAG,HMDB0042094,2,Triacylglycerols,,Glycerolipids,NA,NA,NA,NA,NA,NA,NA
293,C47.1TAG,HMDB0042100,2,Triacylglycerols,,Glycerolipids,NA,NA,NA,NA,NA,NA,NA
294,C47.2TAG,HMDB0042076,2,Triacylglycerols,,Glycerolipids,NA,NA,NA,NA,NA,NA,NA
295,C48.0TAG,HMDB0005356,2,Triacylglycerols,,Glycerolipids,NA,NA,NA,NA,NA,NA,NA
296,C48.1TAG,HMDB0005359,2,Triacylglycerols,,Glycerolipids,NA,NA,NA,NA,NA,NA,NA
297,C48.2TAG,HMDB0005376,2,Triacylglycerols,,Glycerolipids,NA,NA,NA,NA,NA,NA,NA
298,C48.3TAG,HMDB0005432,2,Triacylglycerols,,Glycerolipids,NA,NA,NA,NA,NA,NA,NA
299,C48.4TAG,HMDB0042811,2,Triacylglycerols,,Glycerolipids,NA,NA,NA,NA,NA,NA,NA
300,C48.5TAG,HMDB0042789,2,Triacylglycerols,,Glycerolipids,NA,NA,NA,NA,NA,NA,NA
301,C49.0TAG,HMDB0042095,2,Triacylglycerols,,Glycerolipids,NA,NA,NA,NA,NA,NA,NA
302,C49.1TAG,HMDB0011705,2,Triacylglycerols,,Glycerolipids,NA,NA,NA,NA,NA,NA,NA
303,C49.2TAG,HMDB0011706,2,Triacylglycerols,,Glycerolipids,NA,NA,NA,NA,NA,NA,NA
304,C49.3TAG,HMDB0042103,2,Triacylglycerols,,Glycerolipids,NA,NA,NA,NA,NA,NA,NA
305,C4carnitine,HMDB0002013,1,Acyl_carnitine,Fatty Acyls,Fatty Acyls,NA,NA,NA,NA,NA,NA,NA
306,C5.1carnitine,HMDB0002366,1,Acyl_carnitine,Fatty Acyls,Fatty Acyls,NA,NA,NA,NA,NA,NA,NA
307,C5.DCcarnitine,HMDB0013130,1,Acyl_carnitine,Fatty Acyls,Fatty Acyls,NA,NA,NA,NA,NA,NA,NA
308,C50.0TAG,HMDB0005357,2,Triacylglycerols,,Glycerolipids,NA,NA,NA,NA,NA,NA,NA
309,C50.1TAG,HMDB0005360,2,Triacylglycerols,,Glycerolipids,NA,NA,NA,NA,NA,NA,NA
310,C50.2TAG,HMDB0005377,2,Triacylglycerols,,Glycerolipids,NA,NA,NA,NA,NA,NA,NA
311,C50.3TAG,HMDB0005433,2,Triacylglycerols,,Glycerolipids,NA,NA,NA,NA,NA,NA,NA
312,C50.4TAG,HMDB0005435,2,Triacylglycerols,,Glycerolipids,NA,NA,NA,NA,NA,NA,NA
313,C50.5TAG,HMDB0010471,2,Triacylglycerols,,Glycerolipids,NA,NA,NA,NA,NA,NA,NA
314,C50.6TAG,HMDB0010497,2,Triacylglycerols,,Glycerolipids,NA,NA,NA,NA,NA,NA,NA
315,C51.0TAG,HMDB0031106,2,Triacylglycerols,,Glycerolipids,NA,NA,NA,NA,NA,NA,NA
316,C51.1TAG,HMDB0042104,2,Triacylglycerols,,Glycerolipids,NA,NA,NA,NA,NA,NA,NA
317,C51.2TAG,HMDB0005362,2,Triacylglycerols,,Glycerolipids,NA,NA,NA,NA,NA,NA,NA
318,C51.3TAG,HMDB0011701,2,Triacylglycerols,,Glycerolipids,NA,NA,NA,NA,NA,NA,NA
319,C52.0TAG,HMDB0005365,2,Triacylglycerols,,Glycerolipids,NA,NA,NA,NA,NA,NA,NA
320,C52.1TAG,HMDB0005367,2,Triacylglycerols,,Glycerolipids,NA,NA,NA,NA,NA,NA,NA
321,C52.2TAG,HMDB0005369,2,Triacylglycerols,,Glycerolipids,NA,NA,NA,NA,NA,NA,NA
322,C52.3TAG,HMDB0005384,2,Triacylglycerols,,Glycerolipids,NA,NA,NA,NA,NA,NA,NA
323,C52.4TAG,HMDB0005363,2,Triacylglycerols,,Glycerolipids,NA,NA,NA,NA,NA,NA,NA
324,C52.5TAG,HMDB0005380,2,Triacylglycerols,,Glycerolipids,NA,NA,NA,NA,NA,NA,NA
325,C52.6TAG,HMDB0005436,2,Triacylglycerols,,Glycerolipids,NA,NA,NA,NA,NA,NA,NA
326,C52.7TAG,HMDB0010517,2,Triacylglycerols,,Glycerolipids,NA,NA,NA,NA,NA,NA,NA
327,C53.2TAG,HMDB0042196,2,Triacylglycerols,,Glycerolipids,NA,NA,NA,NA,NA,NA,NA
328,C53.3TAG,HMDB0043058,2,Triacylglycerols,,Glycerolipids,NA,NA,NA,NA,NA,NA,NA
329,C54.10TAG,NA,0,Triacylglycerols,,Glycerolipids,NA,NA,NA,NA,NA,NA,NA
330,C54.1TAG,HMDB0005395,2,Triacylglycerols,,Glycerolipids,NA,NA,NA,NA,NA,NA,NA
331,C54.2TAG,HMDB0005403,2,Triacylglycerols,,Glycerolipids,NA,NA,NA,NA,NA,NA,NA
332,C54.3TAG,HMDB0005405,2,Triacylglycerols,,Glycerolipids,NA,NA,NA,NA,NA,NA,NA
333,C54.4TAG,HMDB0005370,2,Triacylglycerols,,Glycerolipids,NA,NA,NA,NA,NA,NA,NA
334,C54.5TAG,HMDB0005385,2,Triacylglycerols,,Glycerolipids,NA,NA,NA,NA,NA,NA,NA
335,C54.6TAG,HMDB0005391,2,Triacylglycerols,,Glycerolipids,NA,NA,NA,NA,NA,NA,NA
336,C54.7TAG,HMDB0005447,2,Triacylglycerols,,Glycerolipids,NA,NA,NA,NA,NA,NA,NA
337,C54.8TAG,HMDB0010518,2,Triacylglycerols,,Glycerolipids,NA,NA,NA,NA,NA,NA,NA
338,C54.9TAG,HMDB0010498,2,Triacylglycerols,,Glycerolipids,NA,NA,NA,NA,NA,NA,NA
339,C55.2TAG,HMDB0042226,2,Triacylglycerols,,Glycerolipids,NA,NA,NA,NA,NA,NA,NA
340,C55.3TAG,HMDB0042466,2,Triacylglycerols,,Glycerolipids,NA,NA,NA,NA,NA,NA,NA
341,C56.10TAG,HMDB0010513,2,Triacylglycerols,,Glycerolipids,NA,NA,NA,NA,NA,NA,NA
342,C56.1TAG,HMDB0005396,2,Triacylglycerols,,Glycerolipids,NA,NA,NA,NA,NA,NA,NA
343,C56.2TAG,HMDB0005404,2,Triacylglycerols,,Glycerolipids,NA,NA,NA,NA,NA,NA,NA
344,C56.3TAG,HMDB0005410,2,Triacylglycerols,,Glycerolipids,NA,NA,NA,NA,NA,NA,NA
345,C56.4TAG,HMDB0005398,2,Triacylglycerols,,Glycerolipids,NA,NA,NA,NA,NA,NA,NA
346,C56.5TAG,HMDB0005406,2,Triacylglycerols,,Glycerolipids,NA,NA,NA,NA,NA,NA,NA
347,C56.6TAG,HMDB0005456,2,Triacylglycerols,,Glycerolipids,NA,NA,NA,NA,NA,NA,NA
348,C56.7TAG,HMDB0005462,2,Triacylglycerols,,Glycerolipids,NA,NA,NA,NA,NA,NA,NA
349,C56.8TAG,HMDB0005392,2,Triacylglycerols,,Glycerolipids,NA,NA,NA,NA,NA,NA,NA
350,C56.9TAG,HMDB0005448,2,Triacylglycerols,,Glycerolipids,NA,NA,NA,NA,NA,NA,NA
351,C58.10TAG,HMDB0005476,2,Triacylglycerols,,Glycerolipids,NA,NA,NA,NA,NA,NA,NA
352,C58.11TAG,HMDB0010531,2,Triacylglycerols,,Glycerolipids,NA,NA,NA,NA,NA,NA,NA
353,C58.6TAG,HMDB0005458,2,Triacylglycerols,,Glycerolipids,NA,NA,NA,NA,NA,NA,NA
354,C58.7TAG,HMDB0005471,2,Triacylglycerols,,Glycerolipids,NA,NA,NA,NA,NA,NA,NA
355,C58.8TAG,HMDB0005413,2,Triacylglycerols,,Glycerolipids,NA,NA,NA,NA,NA,NA,NA
356,C58.9TAG,HMDB0005463,2,Triacylglycerols,,Glycerolipids,NA,NA,NA,NA,NA,NA,NA
357,C5carnitine,HMDB0000688,1,Acyl_carnitine,Fatty Acyls,Fatty Acyls,NA,NA,NA,NA,NA,NA,NA
358,C60.12TAG,HMDB0005478,2,Triacylglycerols,,Glycerolipids,NA,NA,NA,NA,NA,NA,NA
359,C6carnitine,HMDB0000705,1,Acyl_carnitine,Fatty Acyls,Fatty Acyls,NA,NA,NA,NA,NA,NA,NA
360,C7carnitine,HMDB0013238,1,Acyl_carnitine,Fatty Acyls,Fatty Acyls,NA,NA,NA,NA,NA,NA,NA
361,C8carnitine,HMDB0000791,1,Acyl_carnitine,Fatty Acyls,Fatty Acyls,NA,NA,NA,NA,NA,NA,NA
362,C9carnitine,HMDB0013288,1,Acyl_carnitine,Fatty Acyls,Fatty Acyls,NA,NA,NA,NA,NA,NA,NA
363,caffeine,HMDB0001847,1,Xanthines,,Nucleic acids,Purines,Xanthines,C8H10N4O2,194.080376,RYYVLZVUVIJVGH-UHFFFAOYSA-N,CN1C(=O)c2c([n]c[n]2C)N(C)C1=O,2519
364,cAMP,HMDB0000058,1,Cyclic_purine_nucleotide,,Nucleic acids,NA,NA,NA,NA,NA,NA,NA
365,caprate,HMDB0000511,1,Medium_chain_fatty_acids,,Fatty Acyls,NA,NA,NA,NA,NA,NA,NA
366,carnitine,HMDB0000062,1,Carnitines,,Organic nitrogen compounds,Carnitines,Carnitines,C7H15NO3,161.105194,PHIQHXFUZVPYII-ZCFIWIBFSA-N,C[N+](C)(C)C[C@@H](O)CC([O-])=O |&1:5|,10917
367,CDP,HMDB0001546,1,Pyrimidine_nucleosides,,Nucleic acids,NA,NA,NA,NA,NA,NA,NA
368,chenodeoxycholate,HMDB0000518,1,Bile_acids_alcohols_and_derivative,Sterol lipids,Sterol Lipids,NA,NA,NA,NA,NA,NA,NA
369,chenodeoxycholate.deoxycholate,HMDB0000626,2,Bile_acids_alcohols_and_derivative,Sterol lipids,Sterol Lipids,NA,NA,NA,NA,NA,NA,NA
370,cholate,HMDB0000619,1,Bile_acids_alcohols_and_derivative,Sterol lipids,Sterol Lipids,NA,NA,NA,NA,NA,NA,NA
371,cholesterol,HMDB0000067,1,Cholesterols_and_derivative,,Sterol Lipids,Sterols,Cholesterols,C27H46O,386.354865,HVYWMOMLDIMFJA-DPAQBDIFSA-N,"CC(C)CCC[C@@H](C)[C@H]1CC[C@H]2[C@@H]3CC=C4C[C@@H](O)CC[C@]4(C)[C@H]3CC[C@]12C |&1:6,8,11,12,17,21,23,26|",5997
372,choline,HMDB0000097,1,Cholines,,Organic nitrogen compounds,Cholines,Cholines,C5H14NO,104.107539,OEYIOHPDSNJKLS-UHFFFAOYSA-N,C[N+](C)(C)CCO,305
373,cinnamoylglycine,HMDB0011621,1,Aminoacids,Amino acids,Amino acids,Amino acids and peptides,Amino acids,C11H11NO3,205.073894,YAADMLWHGMUGQL-VOTSOKGWSA-N,OC(=O)CNC(=O)/C=C/c1ccccc1,709625
374,citrate.isocitrate,HMDB0000094,2,Tricarboxylic_acids_and_derivatives,,Organic acids,NA,NA,NA,NA,NA,NA,NA
375,citrulline,HMDB0000904,1,Aminoacids,Amino acids,Amino acids,Amino acids and peptides,Amino acids,C6H13N3O3,175.095692,RHGKLRLOHDJJDR-BYPYZUCNSA-N,NC(=O)NCCC[C@@H](N)C(O)=O |&1:7|,9750
376,CMPF,HMDB0061112,1,Furanoid_fatty_acid,,Fatty Acyls,NA,NA,NA,NA,NA,NA,NA
377,coenzymeQ10.Na,HMDB0001072,1,Ubiquinone,,Prenol Lipids,NA,NA,NA,NA,NA,NA,NA
378,corticosterone,HMDB0001547,1,Hydroxysteroid,,Sterol Lipids,Steroids,C21 steroids,C21H30O4,346.21441,OMFXVFTZEKFJBZ-HJTSIMOOSA-N,"C[C@@]12CCC(=O)C=C1CC[C@H]1[C@H]2[C@H](O)C[C@@]2(C)[C@@H](CC[C@@H]21)C(=O)CO |&1:1,10,11,12,15,17,20|",5753
379,cortisol,HMDB0000063,1,Hydroxysteroid,,Sterol Lipids,Steroids,C21 steroids,C21H30O5,362.209325,JYGXADMDTFJGBT-VWUMJDOOSA-N,"C[C@@]12CCC(=O)C=C1CC[C@H]1[C@H]2[C@H](O)C[C@]2(C)[C@@H]1CC[C@@]2(O)C(=O)CO |&1:1,10,11,12,15,17,20|",5754
380,cortisone,HMDB0002802,1,Hydroxysteroid,,Sterol Lipids,Steroids,C21 steroids,C21H28O5,360.193675,MFYSYFVPBJMHGN-ZPOLXVRWSA-N,"C[C@@]12CCC(=O)C=C1CC[C@H]1[C@H]2C(=O)C[C@]2(C)[C@@H]1CC[C@@]2(O)C(=O)CO |&1:1,10,11,15,17,20|",222786
381,cotinine,HMDB0001046,1,Pyrrolidinylpyridine,,Alkaloids,Alkaloids,Other alkaloids,C10H12N2O,176.094963,UIKROCXWUNQSPJ-VIFPVBQESA-N,CN1[C@@H](CCC1=O)c1ccc[n]c1 |&1:2|,854019
382,creatine,HMDB0000064,1,Aminoacids,Amino acids,Amino acids,Amino acids and peptides,Amino acids,C4H9N3O2,131.069477,CVSVTCORWBXHQV-UHFFFAOYSA-N,CN(CC(O)=O)C(N)=N,586
383,creatinine,HMDB0000562,1,Aminoacids,Amino acids,Amino acids,Azolines,Imidazolines,C4H7N3O,113.058912,DDRJAANPRJIHGJ-UHFFFAOYSA-N,CN1CC(=O)NC1=N,137319715
384,cys.gly.oxidized,NA,0,NA,,NA,NA,NA,NA,NA,NA,NA,NA
385,cystathionine,HMDB0000099,1,Aminoacids,Amino acids,Amino acids,Amino acids and peptides,Amino acids,C7H14N2O4S,222.06743,ILRYLPWNYFXEMH-WHFBIAKZSA-N,"N[C@@H](CSCC[C@H](N)C(O)=O)C(O)=O |&1:1,6|",439258
386,cystine,HMDB0000192,1,Aminoacids,Amino acids,Amino acids,Amino acids and peptides,Amino acids,C6H12N2O4S2,240.023852,LEVWYRKDKASIDU-IMJSIDKUSA-N,"N[C@@H](CSSC[C@H](N)C(O)=O)C(O)=O |&1:1,6|",67678
387,cytosine,HMDB0000630,1,Diazines,,Nucleic acids,Pyrimidines,Pyrimidones,C4H5N3O,111.043262,OPTASPLRGRRNAP-UHFFFAOYSA-N,NC1C=CNC(=O)N=1,597
388,dehydroepiandrosteronesulfate,HMDB0001032,1,Sulfated_steroids,,Sterol Lipids,NA,NA,NA,NA,NA,NA,NA
389,deoxycholate,HMDB0000626,1,Bile_acids_alcohols_and_derivative,Sterol lipids,Sterol Lipids,NA,NA,NA,NA,NA,NA,NA
390,dimethylglycine,HMDB0000092,1,Aminoacids,Amino acids,Amino acids,Amino acids and peptides,Amino acids,C4H9NO2,103.063329,FFDGPVCHZBVARC-UHFFFAOYSA-N,CN(C)CC(O)=O,673
391,DMGV,HMDB0240212,1,Short_chain_keto_acids_and_derivatives,,Organic acids,NA,NA,NA,NA,NA,NA,NA
392,docosahexaenoate,HMDB0002183,1,Very_long_chain_fatty_acids,,Fatty Acyls,NA,NA,NA,NA,NA,NA,NA
393,docosapentaenoate,HMDB0001976,1,Very_long_chain_fatty_acids,,Fatty Acyls,NA,NA,NA,NA,NA,NA,NA
394,dodecanedioate,HMDB0000623,1,Medium_chain_fatty_acids,,Fatty Acyls,NA,NA,NA,NA,NA,NA,NA
395,dodecanoate,HMDB0000638,1,Medium_chain_fatty_acids,,Fatty Acyls,NA,NA,NA,NA,NA,NA,NA
396,ectoine,NA,0,NA,,Nucleic acids,Pyrimidines,Hydropyrimidines,C6H10N2O2,142.074228,WQXNXVUDBPYKBA-YFKPBYRVSA-N,CC1NCC[C@@H](N=1)C(O)=O |&1:5|,126041
397,eicosadienoate,HMDB0005060,1,Long_chain_fatty_acids,,Fatty Acyls,NA,NA,NA,NA,NA,NA,NA
398,eicosanedioate,NA,0,NA,,Fatty Acyls,NA,NA,NA,NA,NA,NA,NA
399,eicosapentaenoate,HMDB0001999,1,Long_chain_fatty_acids,,Fatty Acyls,NA,NA,NA,NA,NA,NA,NA
400,eicosatrienoate,HMDB0002925,1,Long_chain_fatty_acids,,Fatty Acyls,NA,NA,NA,NA,NA,NA,NA
401,eicosenoate,HMDB0002231,1,Long_chain_fatty_acids,,Fatty Acyls,NA,NA,NA,NA,NA,NA,NA
402,erythronate.threonate,HMDB0000613,2,Sugar_acids_and_derivatives,,Carbohydrates,NA,NA,NA,NA,NA,NA,NA
403,erythrose.4.phosphate,HMDB0001321,1,Monosaccharide_phosphate,,Carbohydrates,NA,NA,NA,NA,NA,NA,NA
404,formylmethionine,HMDB0001015,1,Aminoacids,Amino acids,Amino acids,NA,NA,NA,NA,NA,NA,NA
405,fructose.glucose.galactose,HMDB0000122,2,Hexoses,,Carbohydrates,NA,NA,NA,NA,NA,NA,NA
406,fucose,HMDB0000174,1,Hexoses,,Carbohydrates,Monosaccharides,Monosaccharides,C6H12O5,164.068475,SHZGCJCMOBCMKK-DHVFOXMCSA-N,"C[C@@H]1OC(O)[C@@H](O)[C@H](O)[C@@H]1O |&1:1,5,7,9|",17106
407,fumarate.maleate,HMDB0000134,2,Dicarboxylic_acids_and_derivatives,,Organic acids,NA,NA,NA,NA,NA,NA,NA
408,GABA,HMDB0000112,1,Aminoacids,Amino acids,Amino acids,NA,NA,NA,NA,NA,NA,NA
409,gentisate,HMDB0000152,1,Benzenoids,Benzenoids,Benzenoids,NA,NA,NA,NA,NA,NA,NA
410,glucose,HMDB0000122,2,Hexoses,Benzenoids,Carbohydrates,Monosaccharides,Monosaccharides,C6H12O6,180.06339,WQZGKKKJIJFFOK-GASJEMHNSA-N,"OC[C@@H]1OC(O)[C@@H](O)[C@H](O)[C@H]1O |&1:2,6,8,10|",5793
411,glucuronate,HMDB0000127,1,Glucuronic_acid_derivative,Benzenoids,Benzenoids,NA,NA,NA,NA,NA,NA,NA
412,glutamate,HMDB0000148,1,Aminoacids,Benzenoids,Amino acids,NA,NA,NA,NA,NA,NA,NA
413,glutamate,HMDB0000148,1,Aminoacids,Benzenoids,Amino acids,NA,NA,NA,NA,NA,NA,NA
414,glutamine,HMDB0000641,1,Aminoacids,Benzenoids,Amino acids,Amino acids and peptides,Amino acids,C5H10N2O3,146.069143,ZDXPYRJPNDTMRX-VKHMYHEASA-N,NC(=O)CC[C@@H](N)C(O)=O |&1:5|,5961
415,glycerate,HMDB0000139,1,Sugar_acids_and_derivatives,Benzenoids,Benzenoids,NA,NA,NA,NA,NA,NA,NA
416,glycine,HMDB0000123,1,Aminoacids,Benzenoids,Amino acids,Amino acids and peptides,Amino acids,C2H5NO2,75.032029,DHMQDGOQFOQNFH-UHFFFAOYSA-N,NCC(O)=O,750
417,glycochenodeoxycholate,HMDB0000637,1,Bile_acids_alcohols_and_derivative,Sterol lipids,Sterol Lipids,NA,NA,NA,NA,NA,NA,NA
418,glycocholate,HMDB0000138,1,Bile_acids_alcohols_and_derivative,Sterol lipids,Sterol Lipids,NA,NA,NA,NA,NA,NA,NA
419,glycocholate,HMDB0000138,1,Bile_acids_alcohols_and_derivative,Sterol lipids,Sterol Lipids,NA,NA,NA,NA,NA,NA,NA
420,glycocholate,HMDB0000138,1,Bile_acids_alcohols_and_derivative,Sterol lipids,Sterol Lipids,NA,NA,NA,NA,NA,NA,NA
421,glycocholate.d4,InternalStandard,InternalStandard,Bile_acids_alcohols_and_derivative,Sterol lipids,Sterol Lipids,NA,NA,NA,NA,NA,NA,NA
422,glycodeoxycholate,HMDB0000631,1,Bile_acids_alcohols_and_derivative,Sterol lipids,Sterol Lipids,NA,NA,NA,NA,NA,NA,NA
423,glycodeoxycholate.glycochenodeoxycholate,HMDB0000631,2,Bile_acids_alcohols_and_derivative,Sterol lipids,Sterol Lipids,NA,NA,NA,NA,NA,NA,NA
424,glycodeoxycholate.glycochenodeoxycholate,HMDB0000631,2,Bile_acids_alcohols_and_derivative,Sterol lipids,Sterol Lipids,NA,NA,NA,NA,NA,NA,NA
425,glycolithocholate,HMDB0000698,1,Bile_acids_alcohols_and_derivative,Sterol lipids,Sterol Lipids,NA,NA,NA,NA,NA,NA,NA
426,glycoursodeoxycholate,HMDB0000708,1,Bile_acids_alcohols_and_derivative,Sterol lipids,Sterol Lipids,NA,NA,NA,NA,NA,NA,NA
427,guanidinoaceticacid,HMDB0000128,1,Aminoacids,Amino acids,Amino acids,NA,NA,NA,NA,NA,NA,NA
428,guanine,HMDB0000132,1,Purines,,Nucleic acids,Purines,Hypoxanthines,C5H5N5O,151.04941,UYTPUPDQBNUYGX-UHFFFAOYSA-N,NC1NC(=O)c2[n]c[nH]c2N=1,135398634
429,heptadecanoate,HMDB0002259,1,Long_chain_fatty_acids,,Fatty Acyls,NA,NA,NA,NA,NA,NA,NA
430,hexadecanedioate,HMDB0000672,1,Long_chain_fatty_acids,,Fatty Acyls,NA,NA,NA,NA,NA,NA,NA
431,hexosediphosphate,HMDB0001058,2,Hexoses,,Carbohydrates,NA,NA,NA,NA,NA,NA,NA
432,hippurate,HMDB0000714,1,Benzenoids,,Benzenoids,NA,NA,NA,NA,NA,NA,NA
433,hippurate,HMDB0000714,1,Benzenoids,,Benzenoids,NA,NA,NA,NA,NA,NA,NA
434,histamine,HMDB0000870,1,Amines,,Organic nitrogen compounds,Amines,Aralkylamines,C5H9N3,111.079647,NTYJJOPFIAHURM-UHFFFAOYSA-N,NCCc1c[nH]c[n]1,774
435,histidine,HMDB0000177,1,Aminoacids,,Amino acids,Amino acids and peptides,Amino acids,C6H9N3O2,155.069477,HNDVDQJCIGZPNO-YFKPBYRVSA-N,N[C@@H](Cc1c[nH]c[n]1)C(O)=O |&1:1|,6274
436,homoarginine,HMDB0000670,1,Aminoacids,,Amino acids,Amino acids and peptides,Amino acids,C7H16N4O2,188.127326,QUOGESRFPZDMMT-YFKPBYRVSA-N,NC(=N)NCCCC[C@@H](N)C(O)=O |&1:8|,9085
437,homocitrulline,HMDB0000679,1,Aminoacids,,Amino acids,Amino acids and peptides,Amino acids,C7H15N3O3,189.111342,XIGSAGMEBXLVJJ-YFKPBYRVSA-N,NC(=O)NCCCC[C@@H](N)C(O)=O |&1:8|,65072
438,homovanillate,HMDB0000118,1,Methoxyphenol,,Benzenoids,NA,NA,NA,NA,NA,NA,NA
439,hydrochlorothiazide,HMDB0001928,1,Benzothiadiazine,,Organoheterocyclic compounds,Thiadiazines,Benzothiadiazines,C7H8ClN3O4S2,296.964479,JZUFKLXOESDKRF-UHFFFAOYSA-N,NS(=O)(=O)c1cc2c(cc1Cl)NCNS2(=O)=O,3639
440,hydrocinnamate,HMDB0000764,1,Phenylpropanoic_acids,,Polyketides,NA,NA,NA,NA,NA,NA,NA
441,hydroxymyristate,HMDB0002261,1,Long_chain_fatty_acids,,Fatty Acyls,NA,NA,NA,NA,NA,NA,NA
442,hydroxyproline,HMDB0000725,1,Aminoacids,,Amino acids,Amino acids and peptides,Amino acids,C5H9NO3,131.058244,,,NA
443,hyodeoxycholate,HMDB0000733,2,Bile_acids_alcohols_and_derivative,Sterol lipids,Sterol Lipids,NA,NA,NA,NA,NA,NA,NA
444,hypotaurine,HMDB0000965,1,Sulfinic_acid,,Organic acids,Sulfinic acids,Sulfinic acids,C2H7NO2S,109.019751,VVIUBCNYACGLLV-UHFFFAOYSA-N,NCCS(O)=O,107812
445,hypoxanthine,HMDB0000157,1,Purines,,Nucleic acids,Purines,Hypoxanthines,C5H4N4O,136.038511,FDGQSTZJBFJUBT-UHFFFAOYSA-N,O=C1NC=Nc2[n]c[nH]c21,135398638
446,imidazoleaceticacid,HMDB0002024,1,Imidazoles,,Organoheterocyclic compounds,NA,NA,NA,NA,NA,NA,NA
447,imidazolepropionate,HMDB0002271,1,Imidazoles,,Organoheterocyclic compounds,NA,NA,NA,NA,NA,NA,NA
448,IMP,HMDB0000175,1,Purine_ribonucleotide,,Nucleic acids,NA,NA,NA,NA,NA,NA,NA
449,indole.3.propionate,HMDB0002302,1,Indolyl_carboxylic_acids_and_derivative,,Organoheterocyclic compounds,NA,NA,NA,NA,NA,NA,NA
450,indoleacetate,HMDB0000197,1,Indolyl_carboxylic_acids_and_derivative,,Organoheterocyclic compounds,NA,NA,NA,NA,NA,NA,NA
451,indoleacetate,HMDB0000197,1,Indolyl_carboxylic_acids_and_derivative,,Organoheterocyclic compounds,NA,NA,NA,NA,NA,NA,NA
452,indolelactate,HMDB0000671,1,Indolyl_carboxylic_acids_and_derivative,,Organoheterocyclic compounds,NA,NA,NA,NA,NA,NA,NA
453,indoxylsulfate,HMDB0000682,1,Arylsulfate,Organic acids,Organic acids,NA,NA,NA,NA,NA,NA,NA
454,inosine,HMDB0000195,1,Purine_nucleosides,,Nucleic acids,Purines,Purine ribonucleosides,C10H12N4O5,268.080771,UGQMRVRMYYASKQ-KQYNXXCUSA-N,"Oc1[n]c[n]c2c1[n]c[n]2[C@@H]1O[C@H](CO)[C@@H](O)[C@H]1O |&1:10,12,15,17|",135398641
455,inosine,HMDB0000195,1,Purine_nucleosides,,Nucleic acids,Purines,Purine ribonucleosides,C10H12N4O5,268.080771,UGQMRVRMYYASKQ-KQYNXXCUSA-N,"Oc1[n]c[n]c2c1[n]c[n]2[C@@H]1O[C@H](CO)[C@@H](O)[C@H]1O |&1:10,12,15,17|",135398641
456,inosine.15N4,InternalStandard,InternalStandard,NA,,Nucleic acids,NA,NA,NA,NA,NA,NA,NA
457,inositol,HMDB0000211,1,Cyclohexanol,,Organic oxygen compounds,NA,NA,NA,NA,NA,NA,NA
458,isoleucine,HMDB0000172,1,Aminoacids,Amino acids,Amino acids,Amino acids and peptides,Amino acids,C6H13NO2,131.094629,AGPKZVBTJJNPAG-WHFBIAKZSA-N,"C[C@@H](CC)[C@H](N)C(O)=O |&1:1,4|",6306
459,isolithocholate,HMDB0000717,1,Bile_acids_alcohols_and_derivative,Sterol lipids,Sterol Lipids,NA,NA,NA,NA,NA,NA,NA
460,isovalerate.valerate.methylbutyrate,HMDB0000718,2,Methyl_branched_fatty_acid,,Fatty Acyls,NA,NA,NA,NA,NA,NA,NA
461,kynurenicacid,HMDB0000715,1,Quinoline_carboxylic_acid,,Organoheterocyclic compounds,NA,NA,NA,NA,NA,NA,NA
462,kynurenine,HMDB0000684,1,Carbonyl_compound,Organic nitrogen compounds,Organic oxygen compounds,Butyrophenones,Butyrophenones,C10H12N2O3,208.084793,YGPSJZOEDVAXAB-QMMMGPOBSA-N,Nc1ccccc1C(=O)C[C@@H](N)C(O)=O |&1:10|,161166
463,L.alpha.glutamyl.L.lysine,HMDB0004207,1,Aminoacids,Amino acids,Amino acids,NA,NA,NA,NA,NA,NA,NA
464,lactate,HMDB0000190,1,Alpha_hydroxy_acids_and_derivative,Organic acids,Organic acids,NA,NA,NA,NA,NA,NA,NA
465,leucine,HMDB0000687,1,Aminoacids,Amino acids,Amino acids,Amino acids and peptides,Amino acids,C6H13NO2,131.094629,ROHFNLRQFUQHCH-YFKPBYRVSA-N,CC(C)C[C@@H](N)C(O)=O |&1:4|,6106
466,levulinate,HMDB0000720,1,Gamma_keto_acids_and_derivative,,Fatty Acyls,NA,NA,NA,NA,NA,NA,NA
467,linoleate,HMDB0000673,1,Lineolic_acids_and_derivatives,,Fatty Acyls,NA,NA,NA,NA,NA,NA,NA
468,linoleoylethanolamide,HMDB0012252,1,Amines,Organic nitrogen compounds,Fatty Acyls,NA,NA,NA,NA,NA,NA,NA
469,linoleoylethanolamide,HMDB0012252,1,Amines,Organic nitrogen compounds,Fatty Acyls,NA,NA,NA,NA,NA,NA,NA
470,lithocholate,HMDB0000761,1,Bile_acids_alcohols_and_derivative,Sterol lipids,Sterol Lipids,NA,NA,NA,NA,NA,NA,NA
471,lithocholate,HMDB0000761,1,Bile_acids_alcohols_and_derivative,Sterol lipids,Sterol Lipids,NA,NA,NA,NA,NA,NA,NA
472,lysine,HMDB0000182,1,Aminoacids,Amino acids,Amino acids,Amino acids and peptides,Amino acids,C6H14N2O2,146.105528,KDXKERNSBIXSRK-YFKPBYRVSA-N,NCCCC[C@@H](N)C(O)=O |&1:5|,5962
473,malate,HMDB0000744,1,Beta_hydroxy_acids_and_derivative,Organic acids,Organic acids,NA,NA,NA,NA,NA,NA,NA
474,malonate,HMDB0000691,1,Dicarboxylic_acids_and_derivatives,,Fatty Acyls,NA,NA,NA,NA,NA,NA,NA
475,mandelate,HMDB0000703,1,Benzenoids,Benzenoids,Benzenoids,NA,NA,NA,NA,NA,NA,NA
476,masilinate,HMDB0002392,1,Triterpenoid,Benzenoids,Benzenoids,NA,NA,NA,NA,NA,NA,NA
477,metformin,HMDB0001921,1,Biguanide,Organic nitrogen compounds,Organic nitrogen compounds,Guanidines,Biguanides,C4H11N5,129.101445,XZWYZXLIPXDOLR-UHFFFAOYSA-N,CN(C)C(=N)N=C(N)N,4091
478,methionine,HMDB0000696,1,Aminoacids,Benzenoids,Amino acids,Amino acids and peptides,Amino acids,C5H11NO2S,149.051051,FFEARJCKVFRZRR-BYPYZUCNSA-N,CSCC[C@@H](N)C(O)=O |&1:4|,6137
479,methioninesulfoxide,HMDB0002005,1,Aminoacids,Benzenoids,Amino acids,NA,NA,NA,NA,NA,NA,NA
480,methylimidazoleaceticacid,HMDB0002820,1,Imidazoles,Benzenoids,Benzenoids,NA,NA,NA,NA,NA,NA,NA
481,myristate,HMDB0000806,1,Long_chain_fatty_acids,Benzenoids,Benzenoids,NA,NA,NA,NA,NA,NA,NA
482,myristoleate,HMDB0002000,1,Long_chain_fatty_acids,Benzenoids,Benzenoids,NA,NA,NA,NA,NA,NA,NA
483,myristoleate.1,HMDB0002000,1,Long_chain_fatty_acids,Benzenoids,Benzenoids,NA,NA,NA,NA,NA,NA,NA
484,N.acetylalanine,HMDB0000766,1,Aminoacids,Benzenoids,Amino acids,NA,NA,NA,NA,NA,NA,NA
485,N.acetylasparticacid,HMDB0000812,1,Aminoacids,Benzenoids,Amino acids,NA,NA,NA,NA,NA,NA,NA
486,N.acetylcarnosine,HMDB0012881,1,Hybrid_peptide,,Organic acids,NA,NA,NA,NA,NA,NA,NA
487,N.acetylglutamate,HMDB0001138,1,Aminoacids,Amino acids,Amino acids,NA,NA,NA,NA,NA,NA,NA
488,N.acetylhistidine,HMDB0032055,1,Aminoacids,Amino acids,Amino acids,NA,NA,NA,NA,NA,NA,NA
489,N.acetylleucine,HMDB0011756,1,Aminoacids,Amino acids,Amino acids,NA,NA,NA,NA,NA,NA,NA
490,N.acetylornithine,HMDB0003357,1,Aminoacids,Amino acids,Amino acids,NA,NA,NA,NA,NA,NA,NA
491,N.acetylputrescine,HMDB0002064,1,Carboximidic_acid,Organic acids,Organic acids,NA,NA,NA,NA,NA,NA,NA
492,N.acetyltryptophan,HMDB0013713,1,Aminoacids,Amino acids,Amino acids,NA,NA,NA,NA,NA,NA,NA
493,N.alpha.acetylarginine,HMDB0004620,1,Aminoacids,Amino acids,Amino acids,NA,NA,NA,NA,NA,NA,NA
494,N.carbamoyl.beta.alanine,HMDB0000026,1,Urea,,Organic acids,NA,NA,NA,NA,NA,NA,NA
495,N.ethylglycinexylidide,HMDB0060656,1,Aminoacids,Amino acids,Amino acids,NA,NA,NA,NA,NA,NA,NA
496,N.lauroylglycine,HMDB0013272,1,Aminoacids,Amino acids,Amino acids,NA,NA,NA,NA,NA,NA,NA
497,N.methylproline,NA,0,NA,,Organic acids,NA,NA,NA,NA,NA,NA,NA
498,N1.acetylspermidine,HMDB0001276,1,Carboximidic_acid,Organic acids,Organic acids,NA,NA,NA,NA,NA,NA,NA
499,N1.methyl.2.pyridone.5.carboxamide,HMDB0004193,1,Pyridines,,Organoheterocyclic compounds,NA,NA,NA,NA,NA,NA,NA
500,N2.N2.dimethylguanosine,HMDB0004824,1,Purine_nucleosides,,Nucleic acids,NA,NA,NA,NA,NA,NA,NA
501,N4.acetylcytidine,HMDB0005923,1,Pyrimidine_nucleosides,,Nucleic acids,NA,NA,NA,NA,NA,NA,NA
502,N6.acetyllysine,HMDB0000206,1,Aminoacids,Amino acids,Amino acids,NA,NA,NA,NA,NA,NA,NA
503,N6.methyllysine,HMDB0002038,1,Aminoacids,Amino acids,Amino acids,NA,NA,NA,NA,NA,NA,NA
504,N6.N6.dimethyllysine,HMDB0013287,1,Aminoacids,Amino acids,Amino acids,NA,NA,NA,NA,NA,NA,NA
505,N6.N6.N6.trimethyllysine,HMDB0001325,1,Aminoacids,Amino acids,Amino acids,NA,NA,NA,NA,NA,NA,NA
506,Nacetylalanine,HMDB0000766,1,Aminoacids,Benzenoids,Amino acids,NA,NA,NA,NA,NA,NA,NA
507,NAD,HMDB0000902,1,Dinucleatids,,Nucleic acids,NA,NA,NA,NA,NA,NA,NA
508,NADP,HMDB0000217,1,Dinucleatids,,Nucleic acids,NA,NA,NA,NA,NA,NA,NA
509,naproxen,HMDB0001923,1,Naphthalene,,Benzenoids,Naphthalenes,Naphthalenes,C14H14O3,230.094295,CMWTZPSULFXXJA-VIFPVBQESA-N,COc1cc2ccc(cc2cc1)[C@@H](C)C(O)=O |&1:12|,156391
510,nervonicacid,HMDB0002368,1,Very_long_chain_fatty_acids,,Fatty Acyls,NA,NA,NA,NA,NA,NA,NA
610,niacinamide,HMDB0001406,1,Nicotinamides,,Organoheterocyclic compounds,Pyridinecarboxylic acids,Nicotinamides,C6H6N2O,122.048013,DFPAKSUCGFBDDF-UHFFFAOYSA-N,NC(=O)c1ccc[n]c1,936
611,NMMA,HMDB0029416,1,Aminoacids,Amino acids,Amino acids,NA,NA,NA,NA,NA,NA,NA
612,nonadecanoate,HMDB0000772,1,Long_chain_fatty_acids,,Fatty Acyls,NA,NA,NA,NA,NA,NA,NA
613,oleate,HMDB0000207,1,Long_chain_fatty_acids,,Fatty Acyls,NA,NA,NA,NA,NA,NA,NA
614,ornithine,HMDB0000214,1,Aminoacids,Amino acids,Amino acids,Amino acids and peptides,Amino acids,C5H12N2O2,132.089878,AHLPHDHHMVZTML-BYPYZUCNSA-N,NCCC[C@@H](N)C(O)=O |&1:4|,6262
615,oxalate,HMDB0002329,1,Dicarboxylic_acids_and_derivatives,,Fatty Acyls,NA,NA,NA,NA,NA,NA,NA
616,oxypurinol,HMDB0000786,1,Xanthines,,Nucleic acids,Purines,Xanthines,C5H4N4O2,152.033426,HXNFUBHNUDHIGC-UHFFFAOYSA-N,O=C1Nc2[nH][n]cc2C(=O)N1,135398752
617,p.hydroxyphenylacetate,HMDB0000020,1,Benzenoids,Benzenoids,Benzenoids,NA,NA,NA,NA,NA,NA,NA
618,palmitate,HMDB0000220,1,Long_chain_fatty_acids,,Fatty Acyls,NA,NA,NA,NA,NA,NA,NA
619,palmitoleate,HMDB0003229,1,Long_chain_fatty_acids,,Fatty Acyls,NA,NA,NA,NA,NA,NA,NA
620,palmitoylethanolamide,HMDB0002100,1,Carboximidic_acid,Organic acids,Organic acids,NA,NA,NA,NA,NA,NA,NA
621,palmitoylethanolamide,HMDB0002100,1,Carboximidic_acid,Organic acids,Organic acids,NA,NA,NA,NA,NA,NA,NA
622,pantothenate,HMDB0000210,1,Alcohols,,Organic acids,NA,NA,NA,NA,NA,NA,NA
623,pantothenate,HMDB0000210,1,Alcohols,,Organic acids,NA,NA,NA,NA,NA,NA,NA
624,pantothenol,HMDB0004231,1,Alcohols,,Fatty Acyls,Fatty amides,N-acyl amines,C9H19NO4,205.131409,SNPLKNRPJHDVJA-ZETCQYMHSA-N,CC(C)(CO)[C@@H](O)C(=O)NCCCO |&1:5|,131204
625,pentadecanoate,HMDB0000826,1,Long_chain_fatty_acids,,Fatty Acyls,NA,NA,NA,NA,NA,NA,NA
626,pentosemonophosphate,HMDB0001548,2,Pentose_phosphate,,Carbohydrates,NA,NA,NA,NA,NA,NA,NA
627,PEP,HMDB0000263,1,Phosphate_esters,,Organic acids,NA,NA,NA,NA,NA,NA,NA
628,phenylacetylglutamine,HMDB0006344,1,Benzenoids,,Organic acids,NA,NA,NA,NA,NA,NA,NA
629,phenylacetylglutamine,HMDB0006344,1,Benzenoids,,Organic acids,NA,NA,NA,NA,NA,NA,NA
630,phenylalanine,HMDB0000159,1,Aminoacids,,Amino acids,Amino acids and peptides,Amino acids,C9H11NO2,165.078979,COLNVLDHVKWLRT-QMMMGPOBSA-N,N[C@@H](Cc1ccccc1)C(O)=O |&1:1|,6140
631,phenylalanine.d8,internalstandard,1,Aminoacids,,Amino acids,NA,NA,NA,NA,NA,NA,NA
632,phenyllactate,HMDB0000159,1,Aminoacids,,Amino acids,NA,NA,NA,NA,NA,NA,NA
633,phenyllactate,HMDB0000779,1,Phenylpropanoic_acids,,Polyketides,NA,NA,NA,NA,NA,NA,NA
634,phosphocholine,HMDB0001565,1,Phosphocholines,,Organic nitrogen compounds,NA,NA,NA,NA,NA,NA,NA
635,phosphocreatine,HMDB0001511,1,Aminoacids,,Amino acids,Amino acids and peptides,Amino acids,C4H10N3O5P,211.03581,DRBBFCLWYRJSJZ-UHFFFAOYSA-N,CN(CC(O)=O)C(=N)NP(O)(O)=O,9548602
636,phytanate,HMDB0000801,1,Acyclic,,Prenol Lipids,NA,NA,NA,NA,NA,NA,NA
637,pipecolicacid,HMDB0000716,1,Aminoacids,,Amino acids,NA,NA,NA,NA,NA,NA,NA
638,piperine,HMDB0029377,1,Alkaloids_and_derivatives,,Alkaloids,Alkaloids,Other alkaloids,C17H19NO3,285.136494,MXXWOMGUGJBKIW-YPCIICBESA-N,O=C(/C=C/C=C/c1cc2OCOc2cc1)N1CCCCC1,638024
639,piperine,HMDB0029377,1,Alkaloids_and_derivatives,,Alkaloids,Alkaloids,Other alkaloids,C17H19NO3,285.136494,MXXWOMGUGJBKIW-YPCIICBESA-N,O=C(/C=C/C=C/c1cc2OCOc2cc1)N1CCCCC1,638024
640,pregnenolonesulfate,HMDB0000774,1,Sulfated_steroids,Benzenoids,Sterol Lipids,NA,NA,NA,NA,NA,NA,NA
641,proline,HMDB0000162,1,Aminoacids,Amino acids,Amino acids,Amino acids and peptides,Amino acids,C5H9NO2,115.063329,ONIBWKKTOPOVIA-BYPYZUCNSA-N,OC(=O)[C@@H]1CCCN1 |&1:3|,145742
642,proline.betaine,HMDB0004827,1,Aminoacids,Amino acids,Amino acids,NA,NA,NA,NA,NA,NA,NA
643,propionate,HMDB0000237,1,Carboxylic_acid,Fatty Acyls,Fatty Acyls,NA,NA,NA,NA,NA,NA,NA
644,pseudouridine,HMDB0000767,1,Nucleoside_and_nucleotide_analogue,,Nucleic acids,Pyrimidines,Pyrimidine ribonucleosides,C9H12N2O6,244.069538,PTJWIQPHWPFNBW-GBNDHIKLSA-N,"OC[C@@H]1O[C@@H]([C@@H](O)[C@H]1O)C1=CNC(=O)NC1=O |&1:2,4,5,7|",15047
645,pseudouridine,HMDB0000767,1,Nucleoside_and_nucleotide_analogue,,Nucleic acids,Pyrimidines,Pyrimidine ribonucleosides,C9H12N2O6,244.069538,PTJWIQPHWPFNBW-GBNDHIKLSA-N,"OC[C@@H]1O[C@@H]([C@@H](O)[C@H]1O)C1=CNC(=O)NC1=O |&1:2,4,5,7|",15047
646,pterin,HMDB0000802,1,Pterins,,Organoheterocyclic compounds,Pterins,Pterins,C6H5N5O,163.04941,HNXQXTQTPAJEJL-UHFFFAOYSA-N,Nc1[n]c2[n]cc[n]c2c(O)[n]1,135398660
647,pyroglutamicacid,HMDB0000267,1,Aminoacids,Amino acids,Amino acids,NA,NA,NA,NA,NA,NA,NA
648,quinate,HMDB0003072,1,Alcohols,Organic acids,Organic oxygen compounds,NA,NA,NA,NA,NA,NA,NA
649,quinolinate,HMDB0000232,1,Pyridinecarboxylic_acids,,Organoheterocyclic compounds,NA,NA,NA,NA,NA,NA,NA
650,ribothymidine,HMDB0000884,1,Pyrimidine_nucleosides,,Nucleic acids,Pyrimidines,Pyrimidine ribonucleosides,C10H14N2O6,258.085188,DWRXFEITVBNRMK-JXOAFFINSA-N,"CC1=CN([C@@H]2O[C@H](CO)[C@@H](O)[C@H]2O)C(=O)NC1=O |&1:4,6,9,11|",445408
651,ribothymidine,HMDB0000884,1,Pyrimidine_nucleosides,,Nucleic acids,Pyrimidines,Pyrimidine ribonucleosides,C10H14N2O6,258.085188,DWRXFEITVBNRMK-JXOAFFINSA-N,"CC1=CN([C@@H]2O[C@H](CO)[C@@H](O)[C@H]2O)C(=O)NC1=O |&1:4,6,9,11|",445408
652,salicylate,HMDB0001895,1,Benzenoids,Benzenoids,Benzenoids,NA,NA,NA,NA,NA,NA,NA
653,salicylurate,HMDB0000840,1,Benzenoids,Benzenoids,Benzenoids,NA,NA,NA,NA,NA,NA,NA
654,sarcosine,HMDB0000271,1,Aminoacids,Benzenoids,Amino acids,Amino acids and peptides,Amino acids,C3H7NO2,89.047679,FSYKKLYZXJSNPZ-UHFFFAOYSA-N,CNCC(O)=O,1088
655,SDMA,HMDB0003334,1,Aminoacids,Benzenoids,Amino acids,NA,NA,NA,NA,NA,NA,NA
656,sebacate,HMDB0000792,1,Medium_chain_fatty_acids,,Fatty Acyls,NA,NA,NA,NA,NA,NA,NA
657,sebacate,HMDB0000792,1,Medium_chain_fatty_acids,,Fatty Acyls,NA,NA,NA,NA,NA,NA,NA
658,serine,HMDB0000187,1,Aminoacids,,Amino acids,Amino acids and peptides,Amino acids,C3H7NO3,105.042594,MTCFGRXMJLQNBG-REOHCLBHSA-N,N[C@@H](CO)C(O)=O |&1:1|,5951
659,solanidine,HMDB0003236,1,Solanidines,,Sterol Lipids,Sterols,Solanidines,C27H43NO,397.334464,JVKYZPBMZPJNAJ-OQFNDJACSA-N,"C[C@@H]1CN2[C@H](CC1)[C@@H](C)[C@H]1[C@@H]2C[C@H]2[C@@H]3CC=C4C[C@@H](O)CC[C@]4(C)[C@H]3CC[C@@]21C |&1:1,4,7,9,10,12,13,18,22,24,27|",65727
660,sorbitol,HMDB0000247,1,Sugar_alcohols,,Carbohydrates,Monosaccharides,Sugar alcohols,C6H14O6,182.07904,FBPFZTCFMRRESA-JGWLITMVSA-N,"O[C@@H](CO)[C@H](O)[C@@H](O)[C@H](O)CO |&1:1,4,6,8|",5780
661,sphinganine,HMDB0000269,1,Amines,,Sphingolipids,Sphingoid bases,Sphinganines,C18H39NO2,301.298079,OTKJDMGTUTTYMP-ZWKOTPCHSA-N,"CCCCCCCCCCCCCCC[C@@H](O)[C@@H](N)CO |&1:15,17|",91486
662,sphingosine,HMDB0000252,1,Amines,,Sphingolipids,Sphingoid bases,Sphingosines,C18H37NO2,299.282429,WWUZIQQURGPMPG-KRWOKUGFSA-N,"CCCCCCCCCCCCC/C=C/[C@@H](O)[C@@H](N)CO |&1:15,17|",5280335
663,sphingosine,HMDB0000252,2,Amines,,Sphingolipids,Sphingoid bases,Sphingosines,C18H37NO2,299.282429,WWUZIQQURGPMPG-KRWOKUGFSA-N,"CCCCCCCCCCCCC/C=C/[C@@H](O)[C@@H](N)CO |&1:15,17|",5280335
664,sphingosine1.phosphate,HMDB0000277,1,Phosphosphingolipids,,Sphingolipids,NA,NA,NA,NA,NA,NA,NA
665,stearate,HMDB0000827,1,Long_chain_fatty_acids,,Fatty Acyls,NA,NA,NA,NA,NA,NA,NA
666,suberate,HMDB0000893,1,Medium_chain_fatty_acids,,Fatty Acyls,NA,NA,NA,NA,NA,NA,NA
667,succinate,HMDB0000254,1,Dicarboxylic_acids_and_derivatives,,Organic acids,NA,NA,NA,NA,NA,NA,NA
668,succinyladenosine,HMDB0000912,1,Purine_nucleosides,,Nucleic acids,Purines,Purine ribonucleosides,C14H17N5O8,383.107715,VKGZCEJTCKHMRL-VWJPMABRSA-N,"OC[C@@H]1O[C@@H]([C@@H](O)[C@H]1O)[n]1c[n]c2c(N[C@H](CC(O)=O)C(O)=O)[n]c[n]c12 |&1:2,4,5,7,15|",20849086
669,sucrose.lactose.trehalose,HMDB0000258,2,O_glycosyl_compounds,,Carbohydrates,NA,NA,NA,NA,NA,NA,NA
670,taurine,HMDB0000251,1,Organosulfonic_acids_and_derivatives ,,Organic acids,Sulfonic acids,Sulfonic acids,C2H7NO3S,125.014666,XOAAWQZATWQOTB-UHFFFAOYSA-N,NCCS(O)(=O)=O,1123
671,tauro.beta.muricholate,HMDB0000932,2,Bile_acids_alcohols_and_derivative,Sterol lipids,Sterol Lipids,NA,NA,NA,NA,NA,NA,NA
672,taurochenodeoxycholate,HMDB0000951,1,Bile_acids_alcohols_and_derivative,Sterol lipids,Sterol Lipids,NA,NA,NA,NA,NA,NA,NA
673,taurocholate,HMDB0000036,1,Bile_acids_alcohols_and_derivative,Sterol lipids,Sterol Lipids,NA,NA,NA,NA,NA,NA,NA
674,taurodeoxycholate,HMDB0000896,1,Bile_acids_alcohols_and_derivative,Sterol lipids,Sterol Lipids,NA,NA,NA,NA,NA,NA,NA
675,taurodeoxycholate.taurochenodeoxycholate,HMDB0000896,2,Bile_acids_alcohols_and_derivative,Sterol lipids,Sterol Lipids,NA,NA,NA,NA,NA,NA,NA
676,tetradecanedioate,HMDB0000872,1,Long_chain_fatty_acids,,Fatty Acyls,NA,NA,NA,NA,NA,NA,NA
677,theophylline,HMDB0001889,1,Xanthines,,Nucleic acids,Purines,Xanthines,C7H8N4O2,180.064726,ZFXYFBGIUFBOJW-UHFFFAOYSA-N,CN1C(=O)c2[nH]c[n]c2N(C)C1=O,2153
678,thiamine,HMDB0000235,1,Diazines,,Nucleic acids,Pyrimidines,Thiamines,C12H17N4OS,265.112308,JZRWCGZRTZMZEH-UHFFFAOYSA-N,Cc1[n]c(N)c(C[n+]2c[s]c(CCO)c2C)c[n]1,1130
679,threitol,HMDB0004136,1,Sugar_alcohols,,Carbohydrates,Monosaccharides,Sugar alcohols,C4H10O4,122.05791,UNXHWFMMPAWVPI-QWWZWVQMSA-N,"O[C@@H](CO)[C@@H](O)CO |&1:1,4|",169019
680,threonine,HMDB0000167,1,Aminoacids,Amino acids,Amino acids,Amino acids and peptides,Amino acids,C4H9NO3,119.058244,AYFVYJQAPQTCCC-GBXIJSLDSA-N,"C[C@@H](O)[C@H](N)C(O)=O |&1:1,3|",6288
681,thymine,HMDB0000262,1,Diazines,,Nucleic acids,Pyrimidines,Pyrimidines,C5H6N2O2,126.042928,RWQNBRDOKXIBIV-UHFFFAOYSA-N,CC1=CNC(=O)NC1=O,1135
682,thymine.d4,InternalStandard,InternalStandard,NA,,Nucleic acids,NA,NA,NA,NA,NA,NA,NA
683,thyroxine,HMDB0000248,1,Aminoacids,Amino acids,Amino acids,Diarylethers,Diarylethers,C15H11I4NO4,776.686717,XUIIKFGFIJCVMT-LBPRGKRZSA-N,N[C@@H](Cc1cc(I)c(Oc2cc(I)c(O)c(I)c2)c(I)c1)C(O)=O |&1:1|,5819
684,trigonelline,HMDB0000875,1,Alkaloids_and_derivatives,Alkaloids,Organoheterocyclic compounds,Pyridines,Pyridinecarboxylic acids,C7H7NO2,137.047679,WWNNZCOKKKDOPX-UHFFFAOYSA-N,C[n+]1cc(ccc1)C([O-])=O,5570
685,trimethylamine.N.oxide,HMDB0000925,1,Aminoxides,Organic nitrogen compounds,Organic nitrogen compounds,NA,NA,NA,NA,NA,NA,NA
686,tryptophan,HMDB0000929,1,Indoles,,Organic acids,Amino acids and peptides,Amino acids,C11H12N2O2,204.089878,QIVBCDIJIAJPQS-VIFPVBQESA-N,N[C@@H](Cc1c[nH]c2ccccc21)C(O)=O |&1:1|,6305
687,tyrosine,HMDB0000158,1,Aminoacids,Amino acids,Amino acids,Amino acids and peptides,Amino acids,C9H11NO3,181.073894,OUYCCCASQSFEME-QMMMGPOBSA-N,N[C@@H](Cc1ccc(O)cc1)C(O)=O |&1:1|,6057
688,UDP,HMDB0000295,1,Pyrimidine_nucleosides,,Nucleic acids,NA,NA,NA,NA,NA,NA,NA
689,UDP.galactose.UDP.glucose,HMDB0000286,2,Pyrimidine_nucleosides,,Nucleic acids,NA,NA,NA,NA,NA,NA,NA
690,UDP.glucuronate,HMDB0000935,1,Gamma,,Nucleic acids,NA,NA,NA,NA,NA,NA,NA
691,UMP,HMDB0000288,1,Pyrimidine_nucleosides,,Nucleic acids,NA,NA,NA,NA,NA,NA,NA
692,undecanedionate,HMDB0000888,1,Medium_chain_fatty_acids,,Fatty Acyls,NA,NA,NA,NA,NA,NA,NA
693,uracil,HMDB0000300,1,Diazines,,Nucleic acids,Pyrimidines,Pyrimidines,C4H4N2O2,112.027278,ISAKRJDGNUQOIC-UHFFFAOYSA-N,O=C1C=CNC(=O)N1,1174
694,urate,HMDB0000289,1,Xanthines,,Nucleic acids,NA,NA,NA,NA,NA,NA,NA
695,urate,HMDB0000289,1,Xanthines,,Nucleic acids,NA,NA,NA,NA,NA,NA,NA
696,uridine,HMDB0000296,1,Pyrimidine_nucleosides,,Nucleic acids,Pyrimidines,Pyrimidine ribonucleosides,C9H12N2O6,244.069538,DRTQHJPVMGBUCF-XVFCMESISA-N,"OC[C@@H]1O[C@@H]([C@@H](O)[C@H]1O)N1C=CC(=O)NC1=O |&1:2,4,5,7|",6029
697,urobilinogen,HMDB0004158,1,Bilirubins,Organoheterocyclic compounds,Organoheterocyclic compounds,NA,NA,NA,NA,NA,NA,NA
698,urocanicacid,HMDB0000301,1,Imidazoles,,Organoheterocyclic compounds,NA,NA,NA,NA,NA,NA,NA
699,valine,HMDB0000883,1,Aminoacids,Amino acids,Amino acids,Amino acids and peptides,Amino acids,C5H11NO2,117.078979,KZSNJWFQEVHDMF-BYPYZUCNSA-N,CC(C)[C@@H](N)C(O)=O |&1:3|,6287
700,valine.d8,internalstandard,1,Aminoacids,Amino acids,Amino acids,NA,NA,NA,NA,NA,NA,NA
701,vitaminA,HMDB0000305,1,Retinoids,,Prenol Lipids,NA,NA,NA,NA,NA,NA,NA
702,X2.aminoheptanoate,NA,0,Aminoacids,Amino acids,Amino acids,NA,NA,NA,NA,NA,NA,NA
703,X2.aminoisobutyricacid,HMDB0001906,1,Aminoacids,Amino acids,Amino acids,NA,NA,NA,NA,NA,NA,NA
704,X2.aminooctanoate,HMDB0000991,1,Aminoacids,Amino acids,Amino acids,NA,NA,NA,NA,NA,NA,NA
705,X2.aminooctanoate,HMDB0000991,1,Aminoacids,Amino acids,Amino acids,NA,NA,NA,NA,NA,NA,NA
706,X2.deoxyuridine,HMDB0000012,1,Pyrimidine_nucleosides,,Nucleic acids,NA,NA,NA,NA,NA,NA,NA
707,X2.hydroxy.3.methylbutyrate.hydroxyisovalerate,HMDB0000407,2,Hydroxy_fatty_acids,,Fatty Acyls,NA,NA,NA,NA,NA,NA,NA
708,X2.hydroxy.3.methylpentanoate.hydroxyisocaproate,HMDB0000317,2,Hydroxy_fatty_acids,,Fatty Acyls,NA,NA,NA,NA,NA,NA,NA
709,X2.hydroxyglutarate,HMDB0059655,2,Short_chain_hydroxy_acids_and_derivatives,,Fatty Acyls,NA,NA,NA,NA,NA,NA,NA
710,X2.hydroxyhexadecanoate,NA,0,NA,,Fatty Acyls,NA,NA,NA,NA,NA,NA,NA
711,X2.hydroxyoctanoate,HMDB0000711,2,Medium_chain_fatty_acids,,Fatty Acyls,NA,NA,NA,NA,NA,NA,NA
712,X2.methyl.4.5.benzoxazole,HMDB0032390,1,Benzoxazoles,Organoheterocyclic compounds,Organoheterocyclic compounds,NA,NA,NA,NA,NA,NA,NA
713,X2.methylguanosine,HMDB0005862,1,Purine_nucleosides,,Nucleic acids,NA,NA,NA,NA,NA,NA,NA
714,X2.phosphoglycerate,HMDB0000362,1,Sugar_acids_and_derivatives,,Organic acids,NA,NA,NA,NA,NA,NA,NA
715,X3.hydroxydecanoate,HMDB0002203,1,Medium_chain_hydroxy_acids_and_derivatives,,Fatty Acyls,NA,NA,NA,NA,NA,NA,NA
716,X3.hydroxyhexanoate,NA,0,Medium_chain_hydroxy_acids_and_derivatives,,Fatty Acyls,NA,NA,NA,NA,NA,NA,NA
717,X3.hydroxyhippurate,HMDB0013678,1,Hippuric_acids,,Benzenoids,NA,NA,NA,NA,NA,NA,NA
718,X3.hydroxyoctanoate,HMDB0001954,1,Medium_chain_hydroxy_acids_and_derivatives,,Fatty Acyls,NA,NA,NA,NA,NA,NA,NA
719,X3.methyladipate,HMDB0000555,1,Medium_chain_fatty_acids,,Fatty Acyls,NA,NA,NA,NA,NA,NA,NA
720,X3.methyladipate.pimelate,HMDB0000555,2,Medium_chain_fatty_acids,,Fatty Acyls,NA,NA,NA,NA,NA,NA,NA
721,X3.methylhistidine,HMDB0000479,1,Aminoacids,Amino acids,Amino acids,NA,NA,NA,NA,NA,NA,NA
722,X3.methylxanthine,HMDB0001886,1,Xanthines,,Nucleic acids,NA,NA,NA,NA,NA,NA,NA
723,X3.methylxanthine,HMDB0001886,1,Xanthines,,Nucleic acids,NA,NA,NA,NA,NA,NA,NA
724,X3.N.acetyl.L.cystein.S.ylacetaminophen,NA,0,NA,,Organic acids,NA,NA,NA,NA,NA,NA,NA
725,X3.phosphoglycerate,HMDB0000807,1,Sugar_acids_and_derivatives,,Organic acids,NA,NA,NA,NA,NA,NA,NA
726,X4.acetamidobutanoate,HMDB0003681,1,Aminoacids,Amino acids,Amino acids,NA,NA,NA,NA,NA,NA,NA
727,X4.aminohippuricacid,HMDB0001867,1,Hippuric_acids,,Benzenoids,NA,NA,NA,NA,NA,NA,NA
728,X4.hydroxybenzaldehyde,HMDB0011718,1,Hydroxybenzaldehydes,,Organic oxygen compounds,NA,NA,NA,NA,NA,NA,NA
729,X4.hydroxymandelate.homogentisate,HMDB0000822,2,Benzenoids,,Benzenoids,NA,NA,NA,NA,NA,NA,NA
730,X4.hydroxystyrene,HMDB0004072,1,Styrenes,,Benzenoids,NA,NA,NA,NA,NA,NA,NA
731,X4.pyridoxate,HMDB0000017,1,Pyridinecarboxylic_acids,,Organoheterocyclic compounds,NA,NA,NA,NA,NA,NA,NA
732,X4.pyridoxate,HMDB0000017,1,Pyridinecarboxylic_acids,,Organoheterocyclic compounds,NA,NA,NA,NA,NA,NA,NA
733,X5.acetylamino.6.amino.3.methyluracil,HMDB0004400,1,N_acetylarylamine,,Organic nitrogen compounds,NA,NA,NA,NA,NA,NA,NA
734,X5.dodecenoate,HMDB0000529,1,Medium_chain_fatty_acids,,Fatty Acyls,NA,NA,NA,NA,NA,NA,NA
735,X5.hydroxymethyl.4.methyluracil,HMDB0000544,1,Diazines,,Nucleic acids,NA,NA,NA,NA,NA,NA,NA
736,X5.hydroxytryptophol,HMDB0001855,1,Hydroxyindole,,Organoheterocyclic compounds,NA,NA,NA,NA,NA,NA,NA
737,X7.dehydrodesmosterol,HMDB0003896,1,Cholesterols_and_derivative,,Sterol Lipids,NA,NA,NA,NA,NA,NA,NA
738,X7.methylguanine,HMDB0000897,1,Hypoxanthines,,Nucleic acids,NA,NA,NA,NA,NA,NA,NA
739,X7.methylxanthine,HMDB0001991,1,Xanthines,,Nucleic acids,NA,NA,NA,NA,NA,NA,NA
740,X9.cis.retinoicacid,HMDB0002369,1,Retinoids,,Prenol Lipids,NA,NA,NA,NA,NA,NA,NA
741,xanthine,HMDB0000292,1,Xanthines,,Nucleic acids,Purines,Xanthines,C5H4N4O2,152.033426,LRFVTYWOQMYALW-UHFFFAOYSA-N,O=C1Nc2[nH]c[n]c2C(=O)N1,1188
742,xanthine,HMDB0000292,1,Xanthines,,Nucleic acids,Purines,Xanthines,C5H4N4O2,152.033426,LRFVTYWOQMYALW-UHFFFAOYSA-N,O=C1Nc2[nH]c[n]c2C(=O)N1,1188
743,xanthosine,HMDB0000299,1,Purine_nucleosides,,Nucleic acids,Purines,Purine ribonucleosides,C10H12N4O6,284.075686,UBORTCNDUKBEOP-UUOKFMHZSA-N,"OC[C@@H]1O[C@@H]([C@@H](O)[C@H]1O)[n]1c[n]c2c1NC(=O)NC2=O |&1:2,4,5,7|",64959
,C20.0LPC,HMDB0010390,1,Glycerophosphocholine,,Glycerophospholipids,,,,,,,
,C20.2LPC,HMDB0010392,1,Glycerophosphocholine,,Glycerophospholipids,,,,,,,
,C24.0LPC,HMDB0010405,1,Glycerophosphocholine,,Glycerophospholipids,,,,,,,